UNIQUE_CARRIER,UNIQUE_CARRIER_ENTITY,UNIQUE_CARRIER_NAME
B6,6673,JetBlue Airways
VX,1006,Virgin America
VX,1006,Virgin America
04Q,1126,Tradewind Aviation
AJQ,6081,Aerodynamics Inc. d/b/a SkyValue d/b/a SkyValue Airways
AJQ,6081,Aerodynamics Inc. d/b/a SkyValue d/b/a SkyValue Airways
AJQ,6081,Aerodynamics Inc. d/b/a SkyValue d/b/a SkyValue Airways
AJQ,6081,Aerodynamics Inc. d/b/a SkyValue d/b/a SkyValue Airways
AJQ,6081,Aerodynamics Inc. d/b/a SkyValue d/b/a SkyValue Airways
AJQ,6081,Aerodynamics Inc. d/b/a SkyValue d/b/a SkyValue Airways
AMQ,6055,Ameristar Air Cargo
AMQ,6055,Ameristar Air Cargo
G4,6035,Allegiant Air
G4,6035,Allegiant Air
0WQ,1150,Avjet Corporation
0WQ,1150,Avjet Corporation
0WQ,1150,Avjet Corporation
0WQ,1150,Avjet Corporation
AA,0A050,American Airlines Inc.
AA,0A050,American Airlines Inc.
DL,1260,Delta Air Lines Inc.
DL,1260,Delta Air Lines Inc.
DL,1260,Delta Air Lines Inc.
DL,1260,Delta Air Lines Inc.
DL,1260,Delta Air Lines Inc.
DL,1260,Delta Air Lines Inc.
DL,1260,Delta Air Lines Inc.
DL,1260,Delta Air Lines Inc.
DL,1260,Delta Air Lines Inc.
DL,1260,Delta Air Lines Inc.
DL,1260,Delta Air Lines Inc.
DL,1260,Delta Air Lines Inc.
DL,1260,Delta Air Lines Inc.
DL,1260,Delta Air Lines Inc.
DL,1260,Delta Air Lines Inc.
DL,1260,Delta Air Lines Inc.
DL,1260,Delta Air Lines Inc.
DL,1260,Delta Air Lines Inc.
DL,1260,Delta Air Lines Inc.
DL,1260,Delta Air Lines Inc.
GL,6690,Miami Air International
GL,6690,Miami Air International
GL,6690,Miami Air International
UA,0A875,United Air Lines Inc.
UA,0A875,United Air Lines Inc.
UA,0A875,United Air Lines Inc.
UA,0A875,United Air Lines Inc.
UA,0A875,United Air Lines Inc.
UA,0A875,United Air Lines Inc.
UA,0A875,United Air Lines Inc.
UA,10877,United Air Lines Inc.
WN,6725,Southwest Airlines Co.
WN,6725,Southwest Airlines Co.
WN,6725,Southwest Airlines Co.
WN,6725,Southwest Airlines Co.
WN,6725,Southwest Airlines Co.
WN,6725,Southwest Airlines Co.
WN,6725,Southwest Airlines Co.
WN,6725,Southwest Airlines Co.
WN,6725,Southwest Airlines Co.
WN,6725,Southwest Airlines Co.
WN,6725,Southwest Airlines Co.
WN,6725,Southwest Airlines Co.
WN,11033,Southwest Airlines Co.
27Q,1194,"Jet Aviation Flight Services, Inc."
27Q,1194,"Jet Aviation Flight Services, Inc."
27Q,1194,"Jet Aviation Flight Services, Inc."
27Q,1194,"Jet Aviation Flight Services, Inc."
27Q,1194,"Jet Aviation Flight Services, Inc."
27Q,1194,"Jet Aviation Flight Services, Inc."
X9,16736,Omni Air International LLC
09Q,1130,"Swift Air, LLC"
09Q,1130,"Swift Air, LLC"
09Q,1130,"Swift Air, LLC"
09Q,1130,"Swift Air, LLC"
09Q,1130,"Swift Air, LLC"
09Q,1130,"Swift Air, LLC"
09Q,1130,"Swift Air, LLC"
09Q,1130,"Swift Air, LLC"
09Q,1130,"Swift Air, LLC"
KLQ,6774,Kalitta Charters II
KLQ,6774,Kalitta Charters II
LF,1189,CFM Inc d/b/a Contour Airlines
LF,1189,CFM Inc d/b/a Contour Airlines
SY,6795,Sun Country Airlines d/b/a MN Airlines
SY,6795,Sun Country Airlines d/b/a MN Airlines
SY,6795,Sun Country Airlines d/b/a MN Airlines
SY,6795,Sun Country Airlines d/b/a MN Airlines
SY,6795,Sun Country Airlines d/b/a MN Airlines
SY,6795,Sun Country Airlines d/b/a MN Airlines
SY,6795,Sun Country Airlines d/b/a MN Airlines
SY,6795,Sun Country Airlines d/b/a MN Airlines
U7,6912,USA Jet Airlines Inc.
U7,6912,USA Jet Airlines Inc.
9S,6841,Southern Air Inc.
9S,6841,Southern Air Inc.
AS,6031,Alaska Airlines Inc.
AS,6031,Alaska Airlines Inc.
AX,6904,Trans States Airlines
AX,6904,Trans States Airlines
KS,6975,Peninsula Airways Inc.
KS,6975,Peninsula Airways Inc.
KS,6975,Peninsula Airways Inc.
KS,6975,Peninsula Airways Inc.
KS,6975,Peninsula Airways Inc.
KS,6975,Peninsula Airways Inc.
KS,6975,Peninsula Airways Inc.
KS,6975,Peninsula Airways Inc.
KS,6975,Peninsula Airways Inc.
KS,6975,Peninsula Airways Inc.
KS,6975,Peninsula Airways Inc.
KS,6975,Peninsula Airways Inc.
KS,6975,Peninsula Airways Inc.
ZK,6932,Great Lakes Airlines
ZK,6932,Great Lakes Airlines
4B,1177,Boutique Air
AJQ,6081,Aerodynamics Inc. d/b/a SkyValue d/b/a SkyValue Airways
AJQ,6081,Aerodynamics Inc. d/b/a SkyValue d/b/a SkyValue Airways
AJQ,6081,Aerodynamics Inc. d/b/a SkyValue d/b/a SkyValue Airways
AJQ,6081,Aerodynamics Inc. d/b/a SkyValue d/b/a SkyValue Airways
G4,6035,Allegiant Air
G4,6035,Allegiant Air
AA,0A050,American Airlines Inc.
AA,0A050,American Airlines Inc.
AA,0A050,American Airlines Inc.
AA,0A050,American Airlines Inc.
AA,0A050,American Airlines Inc.
AA,0A050,American Airlines Inc.
AA,0A050,American Airlines Inc.
AA,0A050,American Airlines Inc.
AA,0A050,American Airlines Inc.
AA,0A050,American Airlines Inc.
AA,0A050,American Airlines Inc.
DL,1260,Delta Air Lines Inc.
DL,1260,Delta Air Lines Inc.
DL,1260,Delta Air Lines Inc.
DL,1260,Delta Air Lines Inc.
DL,1260,Delta Air Lines Inc.
DL,1260,Delta Air Lines Inc.
DL,1260,Delta Air Lines Inc.
G7,7041,GoJet Airlines LLC d/b/a United Express
G7,7041,GoJet Airlines LLC d/b/a United Express
OO,6700,SkyWest Airlines Inc.
OO,6700,SkyWest Airlines Inc.
OO,6700,SkyWest Airlines Inc.
OO,6700,SkyWest Airlines Inc.
OO,6700,SkyWest Airlines Inc.
OO,6700,SkyWest Airlines Inc.
OO,6700,SkyWest Airlines Inc.
OO,6700,SkyWest Airlines Inc.
OO,6700,SkyWest Airlines Inc.
OO,6700,SkyWest Airlines Inc.
OO,6700,SkyWest Airlines Inc.
OO,6700,SkyWest Airlines Inc.
OO,6700,SkyWest Airlines Inc.
OO,6700,SkyWest Airlines Inc.
OO,6700,SkyWest Airlines Inc.
OO,6700,SkyWest Airlines Inc.
OO,6700,SkyWest Airlines Inc.
OO,6700,SkyWest Airlines Inc.
OO,6700,SkyWest Airlines Inc.
OO,6700,SkyWest Airlines Inc.
OO,6700,SkyWest Airlines Inc.
OO,6700,SkyWest Airlines Inc.
OO,6700,SkyWest Airlines Inc.
OO,6700,SkyWest Airlines Inc.
OO,6700,SkyWest Airlines Inc.
OO,6700,SkyWest Airlines Inc.
OO,6700,SkyWest Airlines Inc.
OO,6700,SkyWest Airlines Inc.
OO,6700,SkyWest Airlines Inc.
OO,6700,SkyWest Airlines Inc.
OO,6700,SkyWest Airlines Inc.
OO,6700,SkyWest Airlines Inc.
OO,6700,SkyWest Airlines Inc.
OO,6700,SkyWest Airlines Inc.
OO,6700,SkyWest Airlines Inc.
OO,6700,SkyWest Airlines Inc.
OO,6700,SkyWest Airlines Inc.
OO,6700,SkyWest Airlines Inc.
OO,6700,SkyWest Airlines Inc.
OO,6700,SkyWest Airlines Inc.
OO,6700,SkyWest Airlines Inc.
OO,6700,SkyWest Airlines Inc.
OO,6700,SkyWest Airlines Inc.
OO,6700,SkyWest Airlines Inc.
UA,0A875,United Air Lines Inc.
UA,0A875,United Air Lines Inc.
UA,0A875,United Air Lines Inc.
UA,0A875,United Air Lines Inc.
UA,0A875,United Air Lines Inc.
UA,0A875,United Air Lines Inc.
UA,0A875,United Air Lines Inc.
UA,0A875,United Air Lines Inc.
UA,0A875,United Air Lines Inc.
UA,0A875,United Air Lines Inc.
UA,0A875,United Air Lines Inc.
UA,0A875,United Air Lines Inc.
UA,0A875,United Air Lines Inc.
UA,0A875,United Air Lines Inc.
UA,0A875,United Air Lines Inc.
UA,0A875,United Air Lines Inc.
UA,0A875,United Air Lines Inc.
UA,0A875,United Air Lines Inc.
UA,0A875,United Air Lines Inc.
UA,0A875,United Air Lines Inc.
UA,0A875,United Air Lines Inc.
UA,0A875,United Air Lines Inc.
UA,0A875,United Air Lines Inc.
UA,0A875,United Air Lines Inc.
UA,0A875,United Air Lines Inc.
UA,0A875,United Air Lines Inc.
UA,0A875,United Air Lines Inc.
UA,0A875,United Air Lines Inc.
UA,0A875,United Air Lines Inc.
UA,0A875,United Air Lines Inc.
UA,0A875,United Air Lines Inc.
UA,0A875,United Air Lines Inc.
UA,0A875,United Air Lines Inc.
UA,0A875,United Air Lines Inc.
UA,0A875,United Air Lines Inc.
UA,0A875,United Air Lines Inc.
UA,0A875,United Air Lines Inc.
UA,0A875,United Air Lines Inc.
UA,0A875,United Air Lines Inc.
UA,0A875,United Air Lines Inc.
UA,0A875,United Air Lines Inc.
UA,0A875,United Air Lines Inc.
WN,6725,Southwest Airlines Co.
WN,6725,Southwest Airlines Co.
WN,6725,Southwest Airlines Co.
WN,6725,Southwest Airlines Co.
WN,6725,Southwest Airlines Co.
WN,6725,Southwest Airlines Co.
WN,6725,Southwest Airlines Co.
WN,6725,Southwest Airlines Co.
WN,6725,Southwest Airlines Co.
WN,6725,Southwest Airlines Co.
WN,6725,Southwest Airlines Co.
WN,6725,Southwest Airlines Co.
WN,6725,Southwest Airlines Co.
WN,6725,Southwest Airlines Co.
WN,6725,Southwest Airlines Co.
WN,6725,Southwest Airlines Co.
WN,6725,Southwest Airlines Co.
WN,6725,Southwest Airlines Co.
WN,6725,Southwest Airlines Co.
YX,6003,Republic Airlines
YX,6003,Republic Airlines
YX,6003,Republic Airlines
YX,6003,Republic Airlines
YX,6003,Republic Airlines
YX,6003,Republic Airlines
YX,6003,Republic Airlines
YX,6003,Republic Airlines
YX,6003,Republic Airlines
YX,6003,Republic Airlines
YX,6003,Republic Airlines
F9,6460,Frontier Airlines Inc.
F9,6460,Frontier Airlines Inc.
F9,6460,Frontier Airlines Inc.
F9,6460,Frontier Airlines Inc.
F9,6460,Frontier Airlines Inc.
F9,6460,Frontier Airlines Inc.
F9,6460,Frontier Airlines Inc.
F9,6460,Frontier Airlines Inc.
F9,6460,Frontier Airlines Inc.
F9,6460,Frontier Airlines Inc.
F9,6460,Frontier Airlines Inc.
F9,6460,Frontier Airlines Inc.
F9,6460,Frontier Airlines Inc.
F9,6460,Frontier Airlines Inc.
F9,6460,Frontier Airlines Inc.
F9,6460,Frontier Airlines Inc.
F9,6460,Frontier Airlines Inc.
F9,6460,Frontier Airlines Inc.
F9,6460,Frontier Airlines Inc.
F9,6460,Frontier Airlines Inc.
F9,6460,Frontier Airlines Inc.
F9,6460,Frontier Airlines Inc.
F9,6460,Frontier Airlines Inc.
F9,6460,Frontier Airlines Inc.
FX,6200,Federal Express Corporation
FX,6200,Federal Express Corporation
FX,6200,Federal Express Corporation
FX,6200,Federal Express Corporation
FX,6200,Federal Express Corporation
FX,6200,Federal Express Corporation
FX,6200,Federal Express Corporation
FX,6200,Federal Express Corporation
FX,6200,Federal Express Corporation
FX,6200,Federal Express Corporation
FX,6200,Federal Express Corporation
NK,6830,Spirit Air Lines
NK,6830,Spirit Air Lines
YV,6689,Mesa Airlines Inc.
AX,6904,Trans States Airlines
AX,6904,Trans States Airlines
AX,6904,Trans States Airlines
MQ,6820,Envoy Air
MQ,6820,Envoy Air
ZK,6932,Great Lakes Airlines
ZK,6932,Great Lakes Airlines
EV,6085,ExpressJet Airlines Inc.
EV,6085,ExpressJet Airlines Inc.
EV,6085,ExpressJet Airlines Inc.
EV,6085,ExpressJet Airlines Inc.
5X,6910,United Parcel Service
5X,6910,United Parcel Service
5X,6910,United Parcel Service
5X,6910,United Parcel Service
5X,6910,United Parcel Service
AA,0A050,American Airlines Inc.
AA,0A050,American Airlines Inc.
AA,0A050,American Airlines Inc.
DL,1260,Delta Air Lines Inc.
DL,1260,Delta Air Lines Inc.
DL,1260,Delta Air Lines Inc.
G7,7041,GoJet Airlines LLC d/b/a United Express
G7,7041,GoJet Airlines LLC d/b/a United Express
OO,6700,SkyWest Airlines Inc.
OO,6700,SkyWest Airlines Inc.
OO,6700,SkyWest Airlines Inc.
OO,6700,SkyWest Airlines Inc.
OO,6700,SkyWest Airlines Inc.
OO,6700,SkyWest Airlines Inc.
OO,6700,SkyWest Airlines Inc.
OO,6700,SkyWest Airlines Inc.
OO,6700,SkyWest Airlines Inc.
OO,6700,SkyWest Airlines Inc.
OO,6700,SkyWest Airlines Inc.
OO,6700,SkyWest Airlines Inc.
OO,6700,SkyWest Airlines Inc.
OO,6700,SkyWest Airlines Inc.
UA,0A875,United Air Lines Inc.
UA,0A875,United Air Lines Inc.
UA,0A875,United Air Lines Inc.
UA,0A875,United Air Lines Inc.
UA,0A875,United Air Lines Inc.
UA,0A875,United Air Lines Inc.
UA,0A875,United Air Lines Inc.
UA,0A875,United Air Lines Inc.
UA,0A875,United Air Lines Inc.
UA,0A875,United Air Lines Inc.
UA,0A875,United Air Lines Inc.
UA,0A875,United Air Lines Inc.
UA,0A875,United Air Lines Inc.
UA,0A875,United Air Lines Inc.
UA,0A875,United Air Lines Inc.
UA,0A875,United Air Lines Inc.
UA,0A875,United Air Lines Inc.
UA,0A875,United Air Lines Inc.
UA,0A875,United Air Lines Inc.
UA,0A875,United Air Lines Inc.
WN,6725,Southwest Airlines Co.
WN,6725,Southwest Airlines Co.
WN,6725,Southwest Airlines Co.
WN,6725,Southwest Airlines Co.
WN,6725,Southwest Airlines Co.
WN,6725,Southwest Airlines Co.
WN,6725,Southwest Airlines Co.
WN,6725,Southwest Airlines Co.
WN,6725,Southwest Airlines Co.
WN,6725,Southwest Airlines Co.
WN,6725,Southwest Airlines Co.
WN,6725,Southwest Airlines Co.
WN,6725,Southwest Airlines Co.
YX,6003,Republic Airlines
YX,6003,Republic Airlines
YX,6003,Republic Airlines
YX,6003,Republic Airlines
YX,6003,Republic Airlines
YX,6003,Republic Airlines
F9,6460,Frontier Airlines Inc.
F9,6460,Frontier Airlines Inc.
F9,6460,Frontier Airlines Inc.
F9,6460,Frontier Airlines Inc.
F9,6460,Frontier Airlines Inc.
F9,6460,Frontier Airlines Inc.
F9,6460,Frontier Airlines Inc.
FX,6200,Federal Express Corporation
FX,6200,Federal Express Corporation
9E,7024,Endeavor Air Inc.
9E,7024,Endeavor Air Inc.
5X,6910,United Parcel Service
AA,0A050,American Airlines Inc.
G7,7041,GoJet Airlines LLC d/b/a United Express
G7,7041,GoJet Airlines LLC d/b/a United Express
G7,7041,GoJet Airlines LLC d/b/a United Express
G7,7041,GoJet Airlines LLC d/b/a United Express
G7,7041,GoJet Airlines LLC d/b/a United Express
G7,7041,GoJet Airlines LLC d/b/a United Express
OO,6700,SkyWest Airlines Inc.
OO,6700,SkyWest Airlines Inc.
OO,6700,SkyWest Airlines Inc.
OO,6700,SkyWest Airlines Inc.
OO,6700,SkyWest Airlines Inc.
OO,6700,SkyWest Airlines Inc.
OO,6700,SkyWest Airlines Inc.
OO,6700,SkyWest Airlines Inc.
OO,6700,SkyWest Airlines Inc.
OO,6700,SkyWest Airlines Inc.
OO,6700,SkyWest Airlines Inc.
OO,6700,SkyWest Airlines Inc.
OO,6700,SkyWest Airlines Inc.
OO,6700,SkyWest Airlines Inc.
OO,6700,SkyWest Airlines Inc.
OO,6700,SkyWest Airlines Inc.
OO,6700,SkyWest Airlines Inc.
OO,6700,SkyWest Airlines Inc.
OO,6700,SkyWest Airlines Inc.
OO,6700,SkyWest Airlines Inc.
OO,6700,SkyWest Airlines Inc.
OO,6700,SkyWest Airlines Inc.
OO,6700,SkyWest Airlines Inc.
UA,0A875,United Air Lines Inc.
UA,0A875,United Air Lines Inc.
UA,0A875,United Air Lines Inc.
UA,0A875,United Air Lines Inc.
UA,0A875,United Air Lines Inc.
UA,0A875,United Air Lines Inc.
UA,0A875,United Air Lines Inc.
UA,0A875,United Air Lines Inc.
UA,0A875,United Air Lines Inc.
UA,0A875,United Air Lines Inc.
UA,0A875,United Air Lines Inc.
WN,6725,Southwest Airlines Co.
WN,6725,Southwest Airlines Co.
WN,6725,Southwest Airlines Co.
WN,6725,Southwest Airlines Co.
WN,6725,Southwest Airlines Co.
WN,6725,Southwest Airlines Co.
WN,6725,Southwest Airlines Co.
WN,6725,Southwest Airlines Co.
WN,6725,Southwest Airlines Co.
WN,6725,Southwest Airlines Co.
WN,6725,Southwest Airlines Co.
WN,6725,Southwest Airlines Co.
WN,6725,Southwest Airlines Co.
WN,6725,Southwest Airlines Co.
WN,6725,Southwest Airlines Co.
WN,6725,Southwest Airlines Co.
WN,6725,Southwest Airlines Co.
WN,6725,Southwest Airlines Co.
WN,6725,Southwest Airlines Co.
WN,6725,Southwest Airlines Co.
WN,6725,Southwest Airlines Co.
WN,6725,Southwest Airlines Co.
WN,6725,Southwest Airlines Co.
WN,6725,Southwest Airlines Co.
YX,6003,Republic Airlines
YX,6003,Republic Airlines
YX,6003,Republic Airlines
YX,6003,Republic Airlines
YX,6003,Republic Airlines
YX,6003,Republic Airlines
YX,6003,Republic Airlines
YX,6003,Republic Airlines
YX,6003,Republic Airlines
YX,6003,Republic Airlines
YX,6003,Republic Airlines
YX,6003,Republic Airlines
YX,6003,Republic Airlines
YX,6003,Republic Airlines
YX,6003,Republic Airlines
YX,6003,Republic Airlines
YX,6003,Republic Airlines
F9,6460,Frontier Airlines Inc.
F9,6460,Frontier Airlines Inc.
F9,6460,Frontier Airlines Inc.
F9,6460,Frontier Airlines Inc.
F9,6460,Frontier Airlines Inc.
AX,6904,Trans States Airlines
AX,6904,Trans States Airlines
AX,6904,Trans States Airlines
AX,6904,Trans States Airlines
AX,6904,Trans States Airlines
AX,6904,Trans States Airlines
AX,6904,Trans States Airlines
AX,6904,Trans States Airlines
EV,6085,ExpressJet Airlines Inc.
5X,6910,United Parcel Service
CP,1131,Compass Airlines
CP,1131,Compass Airlines
AA,0A050,American Airlines Inc.
AA,0A050,American Airlines Inc.
G7,7041,GoJet Airlines LLC d/b/a United Express
G7,7041,GoJet Airlines LLC d/b/a United Express
G7,7041,GoJet Airlines LLC d/b/a United Express
G7,7041,GoJet Airlines LLC d/b/a United Express
OO,6700,SkyWest Airlines Inc.
OO,6700,SkyWest Airlines Inc.
OO,6700,SkyWest Airlines Inc.
OO,6700,SkyWest Airlines Inc.
OO,6700,SkyWest Airlines Inc.
OO,6700,SkyWest Airlines Inc.
OO,6700,SkyWest Airlines Inc.
OO,6700,SkyWest Airlines Inc.
OO,6700,SkyWest Airlines Inc.
OO,6700,SkyWest Airlines Inc.
OO,6700,SkyWest Airlines Inc.
OO,6700,SkyWest Airlines Inc.
UA,0A875,United Air Lines Inc.
UA,0A875,United Air Lines Inc.
UA,0A875,United Air Lines Inc.
UA,0A875,United Air Lines Inc.
UA,0A875,United Air Lines Inc.
UA,0A875,United Air Lines Inc.
UA,0A875,United Air Lines Inc.
UA,0A875,United Air Lines Inc.
UA,0A875,United Air Lines Inc.
UA,0A875,United Air Lines Inc.
UA,0A875,United Air Lines Inc.
UA,0A875,United Air Lines Inc.
UA,0A875,United Air Lines Inc.
UA,0A875,United Air Lines Inc.
UA,0A875,United Air Lines Inc.
UA,0A875,United Air Lines Inc.
UA,0A875,United Air Lines Inc.
UA,0A875,United Air Lines Inc.
UA,0A875,United Air Lines Inc.
UA,0A875,United Air Lines Inc.
UA,0A875,United Air Lines Inc.
UA,0A875,United Air Lines Inc.
UA,0A875,United Air Lines Inc.
UA,0A875,United Air Lines Inc.
UA,0A875,United Air Lines Inc.
WN,6725,Southwest Airlines Co.
WN,6725,Southwest Airlines Co.
WN,6725,Southwest Airlines Co.
WN,6725,Southwest Airlines Co.
WN,6725,Southwest Airlines Co.
WN,6725,Southwest Airlines Co.
WN,6725,Southwest Airlines Co.
WN,6725,Southwest Airlines Co.
WN,6725,Southwest Airlines Co.
WN,6725,Southwest Airlines Co.
WN,6725,Southwest Airlines Co.
WN,6725,Southwest Airlines Co.
WN,6725,Southwest Airlines Co.
YX,6003,Republic Airlines
YX,6003,Republic Airlines
YX,6003,Republic Airlines
YX,6003,Republic Airlines
F9,6460,Frontier Airlines Inc.
F9,6460,Frontier Airlines Inc.
F9,6460,Frontier Airlines Inc.
F9,6460,Frontier Airlines Inc.
SY,6795,Sun Country Airlines d/b/a MN Airlines
AX,6904,Trans States Airlines
AX,6904,Trans States Airlines
MQ,6820,Envoy Air
MQ,6820,Envoy Air
5X,6910,United Parcel Service
5X,6910,United Parcel Service
5X,6910,United Parcel Service
5X,6910,United Parcel Service
G7,7041,GoJet Airlines LLC d/b/a United Express
G7,7041,GoJet Airlines LLC d/b/a United Express
G7,7041,GoJet Airlines LLC d/b/a United Express
OO,6700,SkyWest Airlines Inc.
OO,6700,SkyWest Airlines Inc.
OO,6700,SkyWest Airlines Inc.
OO,6700,SkyWest Airlines Inc.
OO,6700,SkyWest Airlines Inc.
OO,6700,SkyWest Airlines Inc.
OO,6700,SkyWest Airlines Inc.
OO,6700,SkyWest Airlines Inc.
OO,6700,SkyWest Airlines Inc.
OO,6700,SkyWest Airlines Inc.
OO,6700,SkyWest Airlines Inc.
OO,6700,SkyWest Airlines Inc.
OO,6700,SkyWest Airlines Inc.
OO,6700,SkyWest Airlines Inc.
OO,6700,SkyWest Airlines Inc.
OO,6700,SkyWest Airlines Inc.
OO,6700,SkyWest Airlines Inc.
UA,0A875,United Air Lines Inc.
UA,0A875,United Air Lines Inc.
UA,0A875,United Air Lines Inc.
UA,0A875,United Air Lines Inc.
UA,0A875,United Air Lines Inc.
UA,0A875,United Air Lines Inc.
UA,0A875,United Air Lines Inc.
UA,0A875,United Air Lines Inc.
UA,0A875,United Air Lines Inc.
UA,0A875,United Air Lines Inc.
UA,0A875,United Air Lines Inc.
UA,0A875,United Air Lines Inc.
UA,0A875,United Air Lines Inc.
UA,0A875,United Air Lines Inc.
UA,0A875,United Air Lines Inc.
UA,0A875,United Air Lines Inc.
UA,0A875,United Air Lines Inc.
UA,0A875,United Air Lines Inc.
UA,0A875,United Air Lines Inc.
UA,0A875,United Air Lines Inc.
UA,0A875,United Air Lines Inc.
UA,0A875,United Air Lines Inc.
WN,6725,Southwest Airlines Co.
WN,6725,Southwest Airlines Co.
WN,6725,Southwest Airlines Co.
WN,6725,Southwest Airlines Co.
WN,6725,Southwest Airlines Co.
WN,6725,Southwest Airlines Co.
WN,6725,Southwest Airlines Co.
WN,6725,Southwest Airlines Co.
WN,6725,Southwest Airlines Co.
YX,6003,Republic Airlines
F9,6460,Frontier Airlines Inc.
F9,6460,Frontier Airlines Inc.
SY,6795,Sun Country Airlines d/b/a MN Airlines
AX,6904,Trans States Airlines
ZK,6932,Great Lakes Airlines
ZK,6932,Great Lakes Airlines
G7,7041,GoJet Airlines LLC d/b/a United Express
G7,7041,GoJet Airlines LLC d/b/a United Express
G7,7041,GoJet Airlines LLC d/b/a United Express
G7,7041,GoJet Airlines LLC d/b/a United Express
OO,6700,SkyWest Airlines Inc.
OO,6700,SkyWest Airlines Inc.
OO,6700,SkyWest Airlines Inc.
OO,6700,SkyWest Airlines Inc.
OO,6700,SkyWest Airlines Inc.
OO,6700,SkyWest Airlines Inc.
OO,6700,SkyWest Airlines Inc.
OO,6700,SkyWest Airlines Inc.
OO,6700,SkyWest Airlines Inc.
OO,6700,SkyWest Airlines Inc.
OO,6700,SkyWest Airlines Inc.
OO,6700,SkyWest Airlines Inc.
OO,6700,SkyWest Airlines Inc.
OO,6700,SkyWest Airlines Inc.
OO,6700,SkyWest Airlines Inc.
OO,6700,SkyWest Airlines Inc.
UA,0A875,United Air Lines Inc.
UA,0A875,United Air Lines Inc.
UA,0A875,United Air Lines Inc.
UA,0A875,United Air Lines Inc.
UA,0A875,United Air Lines Inc.
UA,0A875,United Air Lines Inc.
UA,0A875,United Air Lines Inc.
UA,0A875,United Air Lines Inc.
UA,0A875,United Air Lines Inc.
UA,0A875,United Air Lines Inc.
UA,0A875,United Air Lines Inc.
UA,0A875,United Air Lines Inc.
UA,0A875,United Air Lines Inc.
WN,6725,Southwest Airlines Co.
WN,6725,Southwest Airlines Co.
WN,6725,Southwest Airlines Co.
WN,6725,Southwest Airlines Co.
WN,6725,Southwest Airlines Co.
WN,6725,Southwest Airlines Co.
WN,6725,Southwest Airlines Co.
WN,6725,Southwest Airlines Co.
YX,6003,Republic Airlines
YX,6003,Republic Airlines
YX,6003,Republic Airlines
YX,6003,Republic Airlines
YX,6003,Republic Airlines
FX,6200,Federal Express Corporation
FX,6200,Federal Express Corporation
FX,6200,Federal Express Corporation
FX,6200,Federal Express Corporation
FX,6200,Federal Express Corporation
AX,6904,Trans States Airlines
G4,6035,Allegiant Air
G4,6035,Allegiant Air
G7,7041,GoJet Airlines LLC d/b/a United Express
G7,7041,GoJet Airlines LLC d/b/a United Express
OO,6700,SkyWest Airlines Inc.
OO,6700,SkyWest Airlines Inc.
OO,6700,SkyWest Airlines Inc.
OO,6700,SkyWest Airlines Inc.
OO,6700,SkyWest Airlines Inc.
OO,6700,SkyWest Airlines Inc.
UA,0A875,United Air Lines Inc.
UA,0A875,United Air Lines Inc.
UA,0A875,United Air Lines Inc.
UA,0A875,United Air Lines Inc.
UA,0A875,United Air Lines Inc.
UA,0A875,United Air Lines Inc.
UA,0A875,United Air Lines Inc.
UA,0A875,United Air Lines Inc.
UA,0A875,United Air Lines Inc.
UA,0A875,United Air Lines Inc.
UA,0A875,United Air Lines Inc.
UA,0A875,United Air Lines Inc.
UA,0A875,United Air Lines Inc.
UA,0A875,United Air Lines Inc.
UA,0A875,United Air Lines Inc.
UA,0A875,United Air Lines Inc.
UA,0A875,United Air Lines Inc.
UA,0A875,United Air Lines Inc.
UA,0A875,United Air Lines Inc.
UA,0A875,United Air Lines Inc.
WN,6725,Southwest Airlines Co.
WN,6725,Southwest Airlines Co.
WN,6725,Southwest Airlines Co.
WN,6725,Southwest Airlines Co.
WN,6725,Southwest Airlines Co.
WN,6725,Southwest Airlines Co.
WN,6725,Southwest Airlines Co.
AX,6904,Trans States Airlines
AX,6904,Trans States Airlines
AX,6904,Trans States Airlines
5X,6910,United Parcel Service
5X,6910,United Parcel Service
AA,0A050,American Airlines Inc.
AA,0A050,American Airlines Inc.
G7,7041,GoJet Airlines LLC d/b/a United Express
OO,6700,SkyWest Airlines Inc.
OO,6700,SkyWest Airlines Inc.
OO,6700,SkyWest Airlines Inc.
UA,0A875,United Air Lines Inc.
UA,0A875,United Air Lines Inc.
UA,0A875,United Air Lines Inc.
UA,0A875,United Air Lines Inc.
UA,0A875,United Air Lines Inc.
UA,0A875,United Air Lines Inc.
UA,0A875,United Air Lines Inc.
UA,0A875,United Air Lines Inc.
UA,0A875,United Air Lines Inc.
UA,0A875,United Air Lines Inc.
UA,0A875,United Air Lines Inc.
UA,0A875,United Air Lines Inc.
UA,0A875,United Air Lines Inc.
WN,6725,Southwest Airlines Co.
WN,6725,Southwest Airlines Co.
WN,6725,Southwest Airlines Co.
WN,6725,Southwest Airlines Co.
WN,6725,Southwest Airlines Co.
WN,6725,Southwest Airlines Co.
WN,6725,Southwest Airlines Co.
WN,6725,Southwest Airlines Co.
WN,6725,Southwest Airlines Co.
YX,6003,Republic Airlines
F9,6460,Frontier Airlines Inc.
F9,6460,Frontier Airlines Inc.
FX,6200,Federal Express Corporation
AX,6904,Trans States Airlines
AX,6904,Trans States Airlines
AX,6904,Trans States Airlines
G4,6035,Allegiant Air
G4,6035,Allegiant Air
G4,6035,Allegiant Air
G4,6035,Allegiant Air
G4,6035,Allegiant Air
G4,6035,Allegiant Air
1AQ,1158,Via Airlines d/b/a Charter Air Transport
1AQ,1158,Via Airlines d/b/a Charter Air Transport
OO,6700,SkyWest Airlines Inc.
OO,6700,SkyWest Airlines Inc.
OO,6700,SkyWest Airlines Inc.
OO,6700,SkyWest Airlines Inc.
OO,6700,SkyWest Airlines Inc.
OO,6700,SkyWest Airlines Inc.
OO,6700,SkyWest Airlines Inc.
UA,0A875,United Air Lines Inc.
UA,0A875,United Air Lines Inc.
UA,0A875,United Air Lines Inc.
UA,0A875,United Air Lines Inc.
UA,0A875,United Air Lines Inc.
UA,0A875,United Air Lines Inc.
UA,0A875,United Air Lines Inc.
WN,6725,Southwest Airlines Co.
WN,6725,Southwest Airlines Co.
WN,6725,Southwest Airlines Co.
WN,6725,Southwest Airlines Co.
WN,6725,Southwest Airlines Co.
F9,6460,Frontier Airlines Inc.
5X,6910,United Parcel Service
OO,6700,SkyWest Airlines Inc.
OO,6700,SkyWest Airlines Inc.
OO,6700,SkyWest Airlines Inc.
OO,6700,SkyWest Airlines Inc.
OO,6700,SkyWest Airlines Inc.
UA,0A875,United Air Lines Inc.
UA,0A875,United Air Lines Inc.
UA,0A875,United Air Lines Inc.
UA,0A875,United Air Lines Inc.
UA,0A875,United Air Lines Inc.
UA,0A875,United Air Lines Inc.
UA,0A875,United Air Lines Inc.
UA,0A875,United Air Lines Inc.
UA,0A875,United Air Lines Inc.
UA,0A875,United Air Lines Inc.
WN,6725,Southwest Airlines Co.
WN,6725,Southwest Airlines Co.
WN,6725,Southwest Airlines Co.
WN,6725,Southwest Airlines Co.
WN,6725,Southwest Airlines Co.
WN,6725,Southwest Airlines Co.
WN,6725,Southwest Airlines Co.
YX,6003,Republic Airlines
F9,6460,Frontier Airlines Inc.
F9,6460,Frontier Airlines Inc.
F9,6460,Frontier Airlines Inc.
FX,6200,Federal Express Corporation
FX,6200,Federal Express Corporation
AX,6904,Trans States Airlines
AX,6904,Trans States Airlines
ZK,6932,Great Lakes Airlines
ZK,6932,Great Lakes Airlines
4B,1177,Boutique Air
4B,1177,Boutique Air
DL,1260,Delta Air Lines Inc.
OO,6700,SkyWest Airlines Inc.
UA,0A875,United Air Lines Inc.
UA,0A875,United Air Lines Inc.
UA,0A875,United Air Lines Inc.
UA,0A875,United Air Lines Inc.
UA,0A875,United Air Lines Inc.
UA,0A875,United Air Lines Inc.
UA,0A875,United Air Lines Inc.
UA,0A875,United Air Lines Inc.
WN,6725,Southwest Airlines Co.
WN,6725,Southwest Airlines Co.
WN,6725,Southwest Airlines Co.
WN,6725,Southwest Airlines Co.
F9,6460,Frontier Airlines Inc.
F9,6460,Frontier Airlines Inc.
AX,6904,Trans States Airlines
B6,6673,JetBlue Airways
B6,6673,JetBlue Airways
G7,7041,GoJet Airlines LLC d/b/a United Express
G7,7041,GoJet Airlines LLC d/b/a United Express
OO,6700,SkyWest Airlines Inc.
UA,0A875,United Air Lines Inc.
UA,0A875,United Air Lines Inc.
UA,0A875,United Air Lines Inc.
UA,0A875,United Air Lines Inc.
UA,0A875,United Air Lines Inc.
UA,0A875,United Air Lines Inc.
UA,0A875,United Air Lines Inc.
WN,6725,Southwest Airlines Co.
FX,6200,Federal Express Corporation
AX,6904,Trans States Airlines
G4,6035,Allegiant Air
G4,6035,Allegiant Air
DL,1260,Delta Air Lines Inc.
OO,6700,SkyWest Airlines Inc.
OO,6700,SkyWest Airlines Inc.
UA,0A875,United Air Lines Inc.
UA,0A875,United Air Lines Inc.
UA,0A875,United Air Lines Inc.
UA,0A875,United Air Lines Inc.
UA,0A875,United Air Lines Inc.
UA,0A875,United Air Lines Inc.
UA,0A875,United Air Lines Inc.
UA,0A875,United Air Lines Inc.
UA,0A875,United Air Lines Inc.
F9,6460,Frontier Airlines Inc.
F9,6460,Frontier Airlines Inc.
F9,6460,Frontier Airlines Inc.
F9,6460,Frontier Airlines Inc.
F9,6460,Frontier Airlines Inc.
F9,6460,Frontier Airlines Inc.
F9,6460,Frontier Airlines Inc.
F9,6460,Frontier Airlines Inc.
FX,6200,Federal Express Corporation
OO,6700,SkyWest Airlines Inc.
UA,0A875,United Air Lines Inc.
UA,0A875,United Air Lines Inc.
UA,0A875,United Air Lines Inc.
UA,0A875,United Air Lines Inc.
UA,0A875,United Air Lines Inc.
UA,0A875,United Air Lines Inc.
UA,0A875,United Air Lines Inc.
UA,0A875,United Air Lines Inc.
WN,6725,Southwest Airlines Co.
WN,6725,Southwest Airlines Co.
F9,6460,Frontier Airlines Inc.
F9,6460,Frontier Airlines Inc.
OO,6700,SkyWest Airlines Inc.
OO,6700,SkyWest Airlines Inc.
OO,6700,SkyWest Airlines Inc.
UA,0A875,United Air Lines Inc.
UA,0A875,United Air Lines Inc.
UA,0A875,United Air Lines Inc.
UA,0A875,United Air Lines Inc.
YX,6003,Republic Airlines
F9,6460,Frontier Airlines Inc.
F9,6460,Frontier Airlines Inc.
FX,6200,Federal Express Corporation
AX,6904,Trans States Airlines
AX,6904,Trans States Airlines
AX,6904,Trans States Airlines
QX,6580,Horizon Air
QX,6580,Horizon Air
DL,1260,Delta Air Lines Inc.
OO,6700,SkyWest Airlines Inc.
UA,0A875,United Air Lines Inc.
UA,0A875,United Air Lines Inc.
UA,0A875,United Air Lines Inc.
UA,0A875,United Air Lines Inc.
UA,0A875,United Air Lines Inc.
YX,6003,Republic Airlines
F9,6460,Frontier Airlines Inc.
F9,6460,Frontier Airlines Inc.
F9,6460,Frontier Airlines Inc.
F9,6460,Frontier Airlines Inc.
F9,6460,Frontier Airlines Inc.
F9,6460,Frontier Airlines Inc.
FX,6200,Federal Express Corporation
FX,6200,Federal Express Corporation
FX,6200,Federal Express Corporation
FX,6200,Federal Express Corporation
FX,6200,Federal Express Corporation
AX,6904,Trans States Airlines
AX,6904,Trans States Airlines
4B,1177,Boutique Air
4B,1177,Boutique Air
DL,1260,Delta Air Lines Inc.
DL,1260,Delta Air Lines Inc.
G7,7041,GoJet Airlines LLC d/b/a United Express
OO,6700,SkyWest Airlines Inc.
OO,6700,SkyWest Airlines Inc.
OO,6700,SkyWest Airlines Inc.
OO,6700,SkyWest Airlines Inc.
OO,6700,SkyWest Airlines Inc.
UA,0A875,United Air Lines Inc.
UA,0A875,United Air Lines Inc.
UA,0A875,United Air Lines Inc.
UA,0A875,United Air Lines Inc.
UA,0A875,United Air Lines Inc.
UA,0A875,United Air Lines Inc.
UA,0A875,United Air Lines Inc.
UA,0A875,United Air Lines Inc.
UA,0A875,United Air Lines Inc.
WN,6725,Southwest Airlines Co.
F9,6460,Frontier Airlines Inc.
F9,6460,Frontier Airlines Inc.
F9,6460,Frontier Airlines Inc.
F9,6460,Frontier Airlines Inc.
AX,6904,Trans States Airlines
OO,6700,SkyWest Airlines Inc.
OO,6700,SkyWest Airlines Inc.
OO,6700,SkyWest Airlines Inc.
OO,6700,SkyWest Airlines Inc.
OO,6700,SkyWest Airlines Inc.
UA,0A875,United Air Lines Inc.
UA,0A875,United Air Lines Inc.
UA,0A875,United Air Lines Inc.
UA,0A875,United Air Lines Inc.
UA,0A875,United Air Lines Inc.
UA,0A875,United Air Lines Inc.
UA,0A875,United Air Lines Inc.
UA,0A875,United Air Lines Inc.
UA,0A875,United Air Lines Inc.
UA,0A875,United Air Lines Inc.
UA,0A875,United Air Lines Inc.
WN,6725,Southwest Airlines Co.
YX,6003,Republic Airlines
AX,6904,Trans States Airlines
AX,6904,Trans States Airlines
AX,6904,Trans States Airlines
5X,6910,United Parcel Service
5X,6910,United Parcel Service
5X,6910,United Parcel Service
5X,6910,United Parcel Service
5X,6910,United Parcel Service
OO,6700,SkyWest Airlines Inc.
OO,6700,SkyWest Airlines Inc.
OO,6700,SkyWest Airlines Inc.
UA,0A875,United Air Lines Inc.
UA,0A875,United Air Lines Inc.
UA,0A875,United Air Lines Inc.
UA,0A875,United Air Lines Inc.
UA,0A875,United Air Lines Inc.
UA,0A875,United Air Lines Inc.
UA,0A875,United Air Lines Inc.
UA,0A875,United Air Lines Inc.
UA,0A875,United Air Lines Inc.
UA,0A875,United Air Lines Inc.
UA,0A875,United Air Lines Inc.
UA,0A875,United Air Lines Inc.
UA,0A875,United Air Lines Inc.
UA,0A875,United Air Lines Inc.
YX,6003,Republic Airlines
YX,6003,Republic Airlines
YX,6003,Republic Airlines
YX,6003,Republic Airlines
YX,6003,Republic Airlines
F9,6460,Frontier Airlines Inc.
FX,6200,Federal Express Corporation
FX,6200,Federal Express Corporation
FX,6200,Federal Express Corporation
G7,7041,GoJet Airlines LLC d/b/a United Express
G7,7041,GoJet Airlines LLC d/b/a United Express
G7,7041,GoJet Airlines LLC d/b/a United Express
OO,6700,SkyWest Airlines Inc.
OO,6700,SkyWest Airlines Inc.
OO,6700,SkyWest Airlines Inc.
OO,6700,SkyWest Airlines Inc.
OO,6700,SkyWest Airlines Inc.
OO,6700,SkyWest Airlines Inc.
OO,6700,SkyWest Airlines Inc.
OO,6700,SkyWest Airlines Inc.
UA,0A875,United Air Lines Inc.
UA,0A875,United Air Lines Inc.
UA,0A875,United Air Lines Inc.
UA,0A875,United Air Lines Inc.
UA,0A875,United Air Lines Inc.
UA,0A875,United Air Lines Inc.
UA,0A875,United Air Lines Inc.
UA,0A875,United Air Lines Inc.
UA,0A875,United Air Lines Inc.
UA,0A875,United Air Lines Inc.
UA,0A875,United Air Lines Inc.
UA,0A875,United Air Lines Inc.
WN,6725,Southwest Airlines Co.
F9,6460,Frontier Airlines Inc.
F9,6460,Frontier Airlines Inc.
F9,6460,Frontier Airlines Inc.
DL,1260,Delta Air Lines Inc.
G7,7041,GoJet Airlines LLC d/b/a United Express
OO,6700,SkyWest Airlines Inc.
OO,6700,SkyWest Airlines Inc.
OO,6700,SkyWest Airlines Inc.
OO,6700,SkyWest Airlines Inc.
UA,0A875,United Air Lines Inc.
UA,0A875,United Air Lines Inc.
UA,0A875,United Air Lines Inc.
UA,0A875,United Air Lines Inc.
UA,0A875,United Air Lines Inc.
UA,0A875,United Air Lines Inc.
UA,0A875,United Air Lines Inc.
UA,0A875,United Air Lines Inc.
UA,0A875,United Air Lines Inc.
UA,0A875,United Air Lines Inc.
UA,0A875,United Air Lines Inc.
UA,0A875,United Air Lines Inc.
UA,0A875,United Air Lines Inc.
UA,0A875,United Air Lines Inc.
UA,0A875,United Air Lines Inc.
WN,6725,Southwest Airlines Co.
WN,6725,Southwest Airlines Co.
WN,6725,Southwest Airlines Co.
WN,6725,Southwest Airlines Co.
YX,6003,Republic Airlines
EM,6299,Empire Airlines Inc.
EM,6299,Empire Airlines Inc.
G7,7041,GoJet Airlines LLC d/b/a United Express
G7,7041,GoJet Airlines LLC d/b/a United Express
G7,7041,GoJet Airlines LLC d/b/a United Express
OO,6700,SkyWest Airlines Inc.
OO,6700,SkyWest Airlines Inc.
OO,6700,SkyWest Airlines Inc.
OO,6700,SkyWest Airlines Inc.
OO,6700,SkyWest Airlines Inc.
UA,0A875,United Air Lines Inc.
UA,0A875,United Air Lines Inc.
UA,0A875,United Air Lines Inc.
UA,0A875,United Air Lines Inc.
UA,0A875,United Air Lines Inc.
UA,0A875,United Air Lines Inc.
UA,0A875,United Air Lines Inc.
UA,0A875,United Air Lines Inc.
UA,0A875,United Air Lines Inc.
UA,0A875,United Air Lines Inc.
UA,0A875,United Air Lines Inc.
UA,0A875,United Air Lines Inc.
UA,0A875,United Air Lines Inc.
WN,6725,Southwest Airlines Co.
WN,6725,Southwest Airlines Co.
WN,6725,Southwest Airlines Co.
YX,6003,Republic Airlines
F9,6460,Frontier Airlines Inc.
F9,6460,Frontier Airlines Inc.
FX,6200,Federal Express Corporation
FX,6200,Federal Express Corporation
FX,6200,Federal Express Corporation
FX,6200,Federal Express Corporation
FX,6200,Federal Express Corporation
5X,6910,United Parcel Service
G7,7041,GoJet Airlines LLC d/b/a United Express
G7,7041,GoJet Airlines LLC d/b/a United Express
G7,7041,GoJet Airlines LLC d/b/a United Express
OO,6700,SkyWest Airlines Inc.
OO,6700,SkyWest Airlines Inc.
OO,6700,SkyWest Airlines Inc.
OO,6700,SkyWest Airlines Inc.
OO,6700,SkyWest Airlines Inc.
OO,6700,SkyWest Airlines Inc.
OO,6700,SkyWest Airlines Inc.
OO,6700,SkyWest Airlines Inc.
OO,6700,SkyWest Airlines Inc.
OO,6700,SkyWest Airlines Inc.
OO,6700,SkyWest Airlines Inc.
OO,6700,SkyWest Airlines Inc.
OO,6700,SkyWest Airlines Inc.
UA,0A875,United Air Lines Inc.
UA,0A875,United Air Lines Inc.
UA,0A875,United Air Lines Inc.
UA,0A875,United Air Lines Inc.
UA,0A875,United Air Lines Inc.
UA,0A875,United Air Lines Inc.
UA,0A875,United Air Lines Inc.
UA,0A875,United Air Lines Inc.
WN,6725,Southwest Airlines Co.
WN,6725,Southwest Airlines Co.
WN,6725,Southwest Airlines Co.
WN,6725,Southwest Airlines Co.
WN,6725,Southwest Airlines Co.
WN,6725,Southwest Airlines Co.
YX,6003,Republic Airlines
YX,6003,Republic Airlines
AX,6904,Trans States Airlines
AX,6904,Trans States Airlines
EV,6085,ExpressJet Airlines Inc.
EV,6085,ExpressJet Airlines Inc.
DL,1260,Delta Air Lines Inc.
DL,1260,Delta Air Lines Inc.
G7,7041,GoJet Airlines LLC d/b/a United Express
G7,7041,GoJet Airlines LLC d/b/a United Express
OO,6700,SkyWest Airlines Inc.
OO,6700,SkyWest Airlines Inc.
OO,6700,SkyWest Airlines Inc.
OO,6700,SkyWest Airlines Inc.
UA,0A875,United Air Lines Inc.
UA,0A875,United Air Lines Inc.
UA,0A875,United Air Lines Inc.
UA,0A875,United Air Lines Inc.
UA,0A875,United Air Lines Inc.
UA,0A875,United Air Lines Inc.
UA,0A875,United Air Lines Inc.
UA,0A875,United Air Lines Inc.
UA,0A875,United Air Lines Inc.
UA,0A875,United Air Lines Inc.
UA,0A875,United Air Lines Inc.
UA,0A875,United Air Lines Inc.
UA,0A875,United Air Lines Inc.
UA,0A875,United Air Lines Inc.
UA,0A875,United Air Lines Inc.
WN,6725,Southwest Airlines Co.
WN,6725,Southwest Airlines Co.
WN,6725,Southwest Airlines Co.
WN,6725,Southwest Airlines Co.
WN,6725,Southwest Airlines Co.
YX,6003,Republic Airlines
YX,6003,Republic Airlines
YX,6003,Republic Airlines
YX,6003,Republic Airlines
F9,6460,Frontier Airlines Inc.
F9,6460,Frontier Airlines Inc.
FX,6200,Federal Express Corporation
EV,6085,ExpressJet Airlines Inc.
4B,1177,Boutique Air
G7,7041,GoJet Airlines LLC d/b/a United Express
OO,6700,SkyWest Airlines Inc.
OO,6700,SkyWest Airlines Inc.
UA,0A875,United Air Lines Inc.
UA,0A875,United Air Lines Inc.
UA,0A875,United Air Lines Inc.
UA,0A875,United Air Lines Inc.
UA,0A875,United Air Lines Inc.
UA,0A875,United Air Lines Inc.
UA,0A875,United Air Lines Inc.
UA,0A875,United Air Lines Inc.
UA,0A875,United Air Lines Inc.
WN,6725,Southwest Airlines Co.
WN,6725,Southwest Airlines Co.
YX,6003,Republic Airlines
F9,6460,Frontier Airlines Inc.
F9,6460,Frontier Airlines Inc.
F9,6460,Frontier Airlines Inc.
F9,6460,Frontier Airlines Inc.
F9,6460,Frontier Airlines Inc.
EM,6299,Empire Airlines Inc.
G7,7041,GoJet Airlines LLC d/b/a United Express
G7,7041,GoJet Airlines LLC d/b/a United Express
OO,6700,SkyWest Airlines Inc.
OO,6700,SkyWest Airlines Inc.
OO,6700,SkyWest Airlines Inc.
OO,6700,SkyWest Airlines Inc.
OO,6700,SkyWest Airlines Inc.
OO,6700,SkyWest Airlines Inc.
OO,6700,SkyWest Airlines Inc.
OO,6700,SkyWest Airlines Inc.
OO,6700,SkyWest Airlines Inc.
OO,6700,SkyWest Airlines Inc.
UA,0A875,United Air Lines Inc.
UA,0A875,United Air Lines Inc.
UA,0A875,United Air Lines Inc.
WN,6725,Southwest Airlines Co.
WN,6725,Southwest Airlines Co.
WN,6725,Southwest Airlines Co.
WN,6725,Southwest Airlines Co.
WN,6725,Southwest Airlines Co.
F9,6460,Frontier Airlines Inc.
F9,6460,Frontier Airlines Inc.
F9,6460,Frontier Airlines Inc.
F9,6460,Frontier Airlines Inc.
F9,6460,Frontier Airlines Inc.
FX,6200,Federal Express Corporation
SY,6795,Sun Country Airlines d/b/a MN Airlines
SY,6795,Sun Country Airlines d/b/a MN Airlines
AX,6904,Trans States Airlines
AX,6904,Trans States Airlines
AX,6904,Trans States Airlines
4B,1177,Boutique Air
4B,1177,Boutique Air
4B,1177,Boutique Air
G7,7041,GoJet Airlines LLC d/b/a United Express
G7,7041,GoJet Airlines LLC d/b/a United Express
G7,7041,GoJet Airlines LLC d/b/a United Express
OO,6700,SkyWest Airlines Inc.
OO,6700,SkyWest Airlines Inc.
OO,6700,SkyWest Airlines Inc.
OO,6700,SkyWest Airlines Inc.
OO,6700,SkyWest Airlines Inc.
OO,6700,SkyWest Airlines Inc.
UA,0A875,United Air Lines Inc.
UA,0A875,United Air Lines Inc.
UA,0A875,United Air Lines Inc.
UA,0A875,United Air Lines Inc.
UA,0A875,United Air Lines Inc.
UA,0A875,United Air Lines Inc.
WN,6725,Southwest Airlines Co.
WN,6725,Southwest Airlines Co.
WN,6725,Southwest Airlines Co.
WN,6725,Southwest Airlines Co.
WN,6725,Southwest Airlines Co.
YX,6003,Republic Airlines
YX,6003,Republic Airlines
FX,6200,Federal Express Corporation
AA,0A050,American Airlines Inc.
AA,0A050,American Airlines Inc.
AA,0A050,American Airlines Inc.
AA,0A050,American Airlines Inc.
AA,0A050,American Airlines Inc.
AA,0A050,American Airlines Inc.
DL,1260,Delta Air Lines Inc.
G7,7041,GoJet Airlines LLC d/b/a United Express
G7,7041,GoJet Airlines LLC d/b/a United Express
OO,6700,SkyWest Airlines Inc.
OO,6700,SkyWest Airlines Inc.
OO,6700,SkyWest Airlines Inc.
OO,6700,SkyWest Airlines Inc.
UA,0A875,United Air Lines Inc.
UA,0A875,United Air Lines Inc.
UA,0A875,United Air Lines Inc.
WN,6725,Southwest Airlines Co.
F9,6460,Frontier Airlines Inc.
F9,6460,Frontier Airlines Inc.
F9,6460,Frontier Airlines Inc.
F9,6460,Frontier Airlines Inc.
F9,6460,Frontier Airlines Inc.
NK,6830,Spirit Air Lines
NK,6830,Spirit Air Lines
NK,6830,Spirit Air Lines
NK,6830,Spirit Air Lines
YV,6689,Mesa Airlines Inc.
AX,6904,Trans States Airlines
EV,6085,ExpressJet Airlines Inc.
AA,0A050,American Airlines Inc.
AA,0A050,American Airlines Inc.
AA,0A050,American Airlines Inc.
OO,6700,SkyWest Airlines Inc.
OO,6700,SkyWest Airlines Inc.
OO,6700,SkyWest Airlines Inc.
UA,0A875,United Air Lines Inc.
UA,0A875,United Air Lines Inc.
UA,0A875,United Air Lines Inc.
UA,0A875,United Air Lines Inc.
UA,0A875,United Air Lines Inc.
UA,0A875,United Air Lines Inc.
WN,6725,Southwest Airlines Co.
WN,6725,Southwest Airlines Co.
WN,6725,Southwest Airlines Co.
WN,6725,Southwest Airlines Co.
YX,6003,Republic Airlines
F9,6460,Frontier Airlines Inc.
F9,6460,Frontier Airlines Inc.
F9,6460,Frontier Airlines Inc.
F9,6460,Frontier Airlines Inc.
F9,6460,Frontier Airlines Inc.
F9,6460,Frontier Airlines Inc.
NK,6830,Spirit Air Lines
NK,6830,Spirit Air Lines
NK,6830,Spirit Air Lines
NK,6830,Spirit Air Lines
NK,6830,Spirit Air Lines
NK,6830,Spirit Air Lines
NK,6830,Spirit Air Lines
NK,6830,Spirit Air Lines
YV,6689,Mesa Airlines Inc.
YV,6689,Mesa Airlines Inc.
YV,6689,Mesa Airlines Inc.
AS,6031,Alaska Airlines Inc.
AS,6031,Alaska Airlines Inc.
AX,6904,Trans States Airlines
AX,6904,Trans States Airlines
AA,0A050,American Airlines Inc.
AA,0A050,American Airlines Inc.
DL,1260,Delta Air Lines Inc.
DL,1260,Delta Air Lines Inc.
DL,1260,Delta Air Lines Inc.
G7,7041,GoJet Airlines LLC d/b/a United Express
G7,7041,GoJet Airlines LLC d/b/a United Express
OO,6700,SkyWest Airlines Inc.
OO,6700,SkyWest Airlines Inc.
OO,6700,SkyWest Airlines Inc.
OO,6700,SkyWest Airlines Inc.
OO,6700,SkyWest Airlines Inc.
OO,6700,SkyWest Airlines Inc.
OO,6700,SkyWest Airlines Inc.
OO,6700,SkyWest Airlines Inc.
OO,6700,SkyWest Airlines Inc.
UA,0A875,United Air Lines Inc.
UA,0A875,United Air Lines Inc.
UA,0A875,United Air Lines Inc.
UA,0A875,United Air Lines Inc.
UA,0A875,United Air Lines Inc.
UA,0A875,United Air Lines Inc.
UA,0A875,United Air Lines Inc.
WN,6725,Southwest Airlines Co.
WN,6725,Southwest Airlines Co.
WN,6725,Southwest Airlines Co.
WN,6725,Southwest Airlines Co.
YX,6003,Republic Airlines
F9,6460,Frontier Airlines Inc.
F9,6460,Frontier Airlines Inc.
F9,6460,Frontier Airlines Inc.
F9,6460,Frontier Airlines Inc.
F9,6460,Frontier Airlines Inc.
F9,6460,Frontier Airlines Inc.
F9,6460,Frontier Airlines Inc.
F9,6460,Frontier Airlines Inc.
F9,6460,Frontier Airlines Inc.
F9,6460,Frontier Airlines Inc.
F9,6460,Frontier Airlines Inc.
F9,6460,Frontier Airlines Inc.
F9,6460,Frontier Airlines Inc.
F9,6460,Frontier Airlines Inc.
F9,6460,Frontier Airlines Inc.
F9,6460,Frontier Airlines Inc.
F9,6460,Frontier Airlines Inc.
F9,6460,Frontier Airlines Inc.
F9,6460,Frontier Airlines Inc.
F9,6460,Frontier Airlines Inc.
F9,6460,Frontier Airlines Inc.
F9,6460,Frontier Airlines Inc.
F9,6460,Frontier Airlines Inc.
F9,6460,Frontier Airlines Inc.
F9,6460,Frontier Airlines Inc.
F9,6460,Frontier Airlines Inc.
F9,6460,Frontier Airlines Inc.
F9,6460,Frontier Airlines Inc.
F9,6460,Frontier Airlines Inc.
F9,6460,Frontier Airlines Inc.
F9,6460,Frontier Airlines Inc.
F9,6460,Frontier Airlines Inc.
F9,6460,Frontier Airlines Inc.
F9,6460,Frontier Airlines Inc.
F9,6460,Frontier Airlines Inc.
F9,6460,Frontier Airlines Inc.
F9,6460,Frontier Airlines Inc.
F9,6460,Frontier Airlines Inc.
F9,6460,Frontier Airlines Inc.
F9,6460,Frontier Airlines Inc.
F9,6460,Frontier Airlines Inc.
F9,6460,Frontier Airlines Inc.
F9,6460,Frontier Airlines Inc.
F9,6460,Frontier Airlines Inc.
F9,6460,Frontier Airlines Inc.
F9,6460,Frontier Airlines Inc.
NK,6830,Spirit Air Lines
NK,6830,Spirit Air Lines
NK,6830,Spirit Air Lines
NK,6830,Spirit Air Lines
AS,6031,Alaska Airlines Inc.
AS,6031,Alaska Airlines Inc.
AX,6904,Trans States Airlines
AX,6904,Trans States Airlines
AA,0A050,American Airlines Inc.
OO,6700,SkyWest Airlines Inc.
OO,6700,SkyWest Airlines Inc.
OO,6700,SkyWest Airlines Inc.
OO,6700,SkyWest Airlines Inc.
OO,6700,SkyWest Airlines Inc.
OO,6700,SkyWest Airlines Inc.
OO,6700,SkyWest Airlines Inc.
UA,0A875,United Air Lines Inc.
UA,0A875,United Air Lines Inc.
UA,0A875,United Air Lines Inc.
UA,0A875,United Air Lines Inc.
UA,0A875,United Air Lines Inc.
UA,0A875,United Air Lines Inc.
WN,6725,Southwest Airlines Co.
F9,6460,Frontier Airlines Inc.
F9,6460,Frontier Airlines Inc.
F9,6460,Frontier Airlines Inc.
F9,6460,Frontier Airlines Inc.
F9,6460,Frontier Airlines Inc.
AX,6904,Trans States Airlines
AX,6904,Trans States Airlines
5X,6910,United Parcel Service
B6,6673,JetBlue Airways
B6,6673,JetBlue Airways
DL,1260,Delta Air Lines Inc.
DL,1260,Delta Air Lines Inc.
G7,7041,GoJet Airlines LLC d/b/a United Express
OO,6700,SkyWest Airlines Inc.
UA,0A875,United Air Lines Inc.
UA,0A875,United Air Lines Inc.
UA,0A875,United Air Lines Inc.
WN,6725,Southwest Airlines Co.
WN,6725,Southwest Airlines Co.
WN,6725,Southwest Airlines Co.
WN,6725,Southwest Airlines Co.
WN,6725,Southwest Airlines Co.
WN,6725,Southwest Airlines Co.
YX,6003,Republic Airlines
F9,6460,Frontier Airlines Inc.
F9,6460,Frontier Airlines Inc.
5X,6910,United Parcel Service
OO,6700,SkyWest Airlines Inc.
OO,6700,SkyWest Airlines Inc.
UA,0A875,United Air Lines Inc.
UA,0A875,United Air Lines Inc.
WN,6725,Southwest Airlines Co.
WN,6725,Southwest Airlines Co.
WN,6725,Southwest Airlines Co.
YX,6003,Republic Airlines
F9,6460,Frontier Airlines Inc.
F9,6460,Frontier Airlines Inc.
FX,6200,Federal Express Corporation
AX,6904,Trans States Airlines
AX,6904,Trans States Airlines
AA,0A050,American Airlines Inc.
OO,6700,SkyWest Airlines Inc.
UA,0A875,United Air Lines Inc.
UA,0A875,United Air Lines Inc.
UA,0A875,United Air Lines Inc.
WN,6725,Southwest Airlines Co.
F9,6460,Frontier Airlines Inc.
AX,6904,Trans States Airlines
DL,1260,Delta Air Lines Inc.
OO,6700,SkyWest Airlines Inc.
OO,6700,SkyWest Airlines Inc.
UA,0A875,United Air Lines Inc.
UA,0A875,United Air Lines Inc.
UA,0A875,United Air Lines Inc.
UA,0A875,United Air Lines Inc.
UA,0A875,United Air Lines Inc.
UA,0A875,United Air Lines Inc.
WN,6725,Southwest Airlines Co.
WN,6725,Southwest Airlines Co.
WN,6725,Southwest Airlines Co.
WN,6725,Southwest Airlines Co.
WN,6725,Southwest Airlines Co.
WN,6725,Southwest Airlines Co.
F9,6460,Frontier Airlines Inc.
FX,6200,Federal Express Corporation
FX,6200,Federal Express Corporation
AX,6904,Trans States Airlines
AX,6904,Trans States Airlines
AX,6904,Trans States Airlines
DL,1260,Delta Air Lines Inc.
G7,7041,GoJet Airlines LLC d/b/a United Express
OO,6700,SkyWest Airlines Inc.
OO,6700,SkyWest Airlines Inc.
OO,6700,SkyWest Airlines Inc.
OO,6700,SkyWest Airlines Inc.
UA,0A875,United Air Lines Inc.
UA,0A875,United Air Lines Inc.
WN,6725,Southwest Airlines Co.
YX,6003,Republic Airlines
AX,6904,Trans States Airlines
5X,6910,United Parcel Service
DL,1260,Delta Air Lines Inc.
DL,1260,Delta Air Lines Inc.
DL,1260,Delta Air Lines Inc.
G7,7041,GoJet Airlines LLC d/b/a United Express
OO,6700,SkyWest Airlines Inc.
UA,0A875,United Air Lines Inc.
UA,0A875,United Air Lines Inc.
UA,0A875,United Air Lines Inc.
UA,0A875,United Air Lines Inc.
UA,0A875,United Air Lines Inc.
UA,0A875,United Air Lines Inc.
UA,0A875,United Air Lines Inc.
WN,6725,Southwest Airlines Co.
WN,6725,Southwest Airlines Co.
WN,6725,Southwest Airlines Co.
WN,6725,Southwest Airlines Co.
WN,6725,Southwest Airlines Co.
AX,6904,Trans States Airlines
OO,6700,SkyWest Airlines Inc.
OO,6700,SkyWest Airlines Inc.
UA,0A875,United Air Lines Inc.
WN,6725,Southwest Airlines Co.
WN,6725,Southwest Airlines Co.
AS,6031,Alaska Airlines Inc.
AX,6904,Trans States Airlines
WN,6725,Southwest Airlines Co.
AS,6031,Alaska Airlines Inc.
WN,6725,Southwest Airlines Co.
UA,0A875,United Air Lines Inc.
UA,0A875,United Air Lines Inc.
UA,0A875,United Air Lines Inc.
OO,6700,SkyWest Airlines Inc.
ZK,6932,Great Lakes Airlines
UA,0A875,United Air Lines Inc.
OO,6700,SkyWest Airlines Inc.
OO,6700,SkyWest Airlines Inc.
UA,0A875,United Air Lines Inc.
UA,0A875,United Air Lines Inc.
UA,0A875,United Air Lines Inc.
UA,0A875,United Air Lines Inc.
UA,0A875,United Air Lines Inc.
UA,0A875,United Air Lines Inc.
UA,0A875,United Air Lines Inc.
WN,6725,Southwest Airlines Co.
WN,6725,Southwest Airlines Co.
ZK,6932,Great Lakes Airlines
DL,1260,Delta Air Lines Inc.
OO,6700,SkyWest Airlines Inc.
OO,6700,SkyWest Airlines Inc.
OO,6700,SkyWest Airlines Inc.
OO,6700,SkyWest Airlines Inc.
OO,6700,SkyWest Airlines Inc.
UA,0A875,United Air Lines Inc.
UA,0A875,United Air Lines Inc.
WN,6725,Southwest Airlines Co.
WN,6725,Southwest Airlines Co.
DL,1260,Delta Air Lines Inc.
DL,1260,Delta Air Lines Inc.
OO,6700,SkyWest Airlines Inc.
UA,0A875,United Air Lines Inc.
UA,0A875,United Air Lines Inc.
DL,1260,Delta Air Lines Inc.
G7,7041,GoJet Airlines LLC d/b/a United Express
UA,0A875,United Air Lines Inc.
UA,0A875,United Air Lines Inc.
UA,0A875,United Air Lines Inc.
UA,0A875,United Air Lines Inc.
WN,6725,Southwest Airlines Co.
WN,6725,Southwest Airlines Co.
G7,7041,GoJet Airlines LLC d/b/a United Express
OO,6700,SkyWest Airlines Inc.
UA,0A875,United Air Lines Inc.
F9,6460,Frontier Airlines Inc.
F9,6460,Frontier Airlines Inc.
OO,6700,SkyWest Airlines Inc.
OO,6700,SkyWest Airlines Inc.
OO,6700,SkyWest Airlines Inc.
UA,0A875,United Air Lines Inc.
UA,0A875,United Air Lines Inc.
UA,0A875,United Air Lines Inc.
UA,0A875,United Air Lines Inc.
AX,6904,Trans States Airlines
ZK,6932,Great Lakes Airlines
DL,1260,Delta Air Lines Inc.
OO,6700,SkyWest Airlines Inc.
OO,6700,SkyWest Airlines Inc.
UA,0A875,United Air Lines Inc.
UA,0A875,United Air Lines Inc.
UA,0A875,United Air Lines Inc.
UA,0A875,United Air Lines Inc.
UA,0A875,United Air Lines Inc.
WN,6725,Southwest Airlines Co.
WN,6725,Southwest Airlines Co.
YX,6003,Republic Airlines
ZK,6932,Great Lakes Airlines
DL,1260,Delta Air Lines Inc.
DL,1260,Delta Air Lines Inc.
DL,1260,Delta Air Lines Inc.
OO,6700,SkyWest Airlines Inc.
UA,0A875,United Air Lines Inc.
UA,0A875,United Air Lines Inc.
WN,6725,Southwest Airlines Co.
DL,1260,Delta Air Lines Inc.
DL,1260,Delta Air Lines Inc.
G7,7041,GoJet Airlines LLC d/b/a United Express
G7,7041,GoJet Airlines LLC d/b/a United Express
G7,7041,GoJet Airlines LLC d/b/a United Express
OO,6700,SkyWest Airlines Inc.
OO,6700,SkyWest Airlines Inc.
OO,6700,SkyWest Airlines Inc.
UA,0A875,United Air Lines Inc.
UA,0A875,United Air Lines Inc.
WN,6725,Southwest Airlines Co.
EV,6085,ExpressJet Airlines Inc.
AJQ,6081,Aerodynamics Inc. d/b/a SkyValue d/b/a SkyValue Airways
OO,6700,SkyWest Airlines Inc.
OO,6700,SkyWest Airlines Inc.
OO,6700,SkyWest Airlines Inc.
UA,0A875,United Air Lines Inc.
WN,6725,Southwest Airlines Co.
AJQ,6081,Aerodynamics Inc. d/b/a SkyValue d/b/a SkyValue Airways
OO,6700,SkyWest Airlines Inc.
OO,6700,SkyWest Airlines Inc.
OO,6700,SkyWest Airlines Inc.
WN,6725,Southwest Airlines Co.
ZK,6932,Great Lakes Airlines
ZK,6932,Great Lakes Airlines
OO,6700,SkyWest Airlines Inc.
OO,6700,SkyWest Airlines Inc.
OO,6700,SkyWest Airlines Inc.
OO,6700,SkyWest Airlines Inc.
OO,6700,SkyWest Airlines Inc.
UA,0A875,United Air Lines Inc.
UA,0A875,United Air Lines Inc.
WN,6725,Southwest Airlines Co.
WN,6725,Southwest Airlines Co.
AX,6904,Trans States Airlines
AX,6904,Trans States Airlines
4B,1177,Boutique Air
4B,1177,Boutique Air
4B,1177,Boutique Air
4B,1177,Boutique Air
4B,1177,Boutique Air
4B,1177,Boutique Air
4B,1177,Boutique Air
4B,1177,Boutique Air
4B,1177,Boutique Air
G7,7041,GoJet Airlines LLC d/b/a United Express
OO,6700,SkyWest Airlines Inc.
OO,6700,SkyWest Airlines Inc.
UA,0A875,United Air Lines Inc.
YX,6003,Republic Airlines
AX,6904,Trans States Airlines
AX,6904,Trans States Airlines
OO,6700,SkyWest Airlines Inc.
OO,6700,SkyWest Airlines Inc.
UA,0A875,United Air Lines Inc.
UA,0A875,United Air Lines Inc.
WN,6725,Southwest Airlines Co.
WN,6725,Southwest Airlines Co.
WN,6725,Southwest Airlines Co.
F9,6460,Frontier Airlines Inc.
F9,6460,Frontier Airlines Inc.
4B,1177,Boutique Air
DL,1260,Delta Air Lines Inc.
G7,7041,GoJet Airlines LLC d/b/a United Express
G7,7041,GoJet Airlines LLC d/b/a United Express
OO,6700,SkyWest Airlines Inc.
OO,6700,SkyWest Airlines Inc.
UA,0A875,United Air Lines Inc.
UA,0A875,United Air Lines Inc.
UA,0A875,United Air Lines Inc.
WN,6725,Southwest Airlines Co.
DL,1260,Delta Air Lines Inc.
OO,6700,SkyWest Airlines Inc.
OO,6700,SkyWest Airlines Inc.
OO,6700,SkyWest Airlines Inc.
OO,6700,SkyWest Airlines Inc.
OO,6700,SkyWest Airlines Inc.
OO,6700,SkyWest Airlines Inc.
OO,6700,SkyWest Airlines Inc.
OO,6700,SkyWest Airlines Inc.
UA,0A875,United Air Lines Inc.
UA,0A875,United Air Lines Inc.
UA,0A875,United Air Lines Inc.
UA,0A875,United Air Lines Inc.
WN,6725,Southwest Airlines Co.
WN,6725,Southwest Airlines Co.
WN,6725,Southwest Airlines Co.
WN,6725,Southwest Airlines Co.
F9,6460,Frontier Airlines Inc.
F9,6460,Frontier Airlines Inc.
AX,6904,Trans States Airlines
AX,6904,Trans States Airlines
AX,6904,Trans States Airlines
4B,1177,Boutique Air
4B,1177,Boutique Air
OO,6700,SkyWest Airlines Inc.
UA,0A875,United Air Lines Inc.
WN,6725,Southwest Airlines Co.
WN,6725,Southwest Airlines Co.
F9,6460,Frontier Airlines Inc.
NK,6830,Spirit Air Lines
AX,6904,Trans States Airlines
AX,6904,Trans States Airlines
B6,6673,JetBlue Airways
B6,6673,JetBlue Airways
DL,1260,Delta Air Lines Inc.
DL,1260,Delta Air Lines Inc.
G7,7041,GoJet Airlines LLC d/b/a United Express
OO,6700,SkyWest Airlines Inc.
OO,6700,SkyWest Airlines Inc.
OO,6700,SkyWest Airlines Inc.
OO,6700,SkyWest Airlines Inc.
UA,0A875,United Air Lines Inc.
UA,0A875,United Air Lines Inc.
WN,6725,Southwest Airlines Co.
WN,6725,Southwest Airlines Co.
F9,6460,Frontier Airlines Inc.
AX,6904,Trans States Airlines
AX,6904,Trans States Airlines
AA,0A050,American Airlines Inc.
AA,0A050,American Airlines Inc.
OO,6700,SkyWest Airlines Inc.
OO,6700,SkyWest Airlines Inc.
UA,0A875,United Air Lines Inc.
UA,0A875,United Air Lines Inc.
UA,0A875,United Air Lines Inc.
F9,6460,Frontier Airlines Inc.
F9,6460,Frontier Airlines Inc.
F9,6460,Frontier Airlines Inc.
F9,6460,Frontier Airlines Inc.
F9,6460,Frontier Airlines Inc.
NK,6830,Spirit Air Lines
NK,6830,Spirit Air Lines
AX,6904,Trans States Airlines
AX,6904,Trans States Airlines
AA,0A050,American Airlines Inc.
AA,0A050,American Airlines Inc.
AA,0A050,American Airlines Inc.
OO,6700,SkyWest Airlines Inc.
OO,6700,SkyWest Airlines Inc.
OO,6700,SkyWest Airlines Inc.
OO,6700,SkyWest Airlines Inc.
OO,6700,SkyWest Airlines Inc.
OO,6700,SkyWest Airlines Inc.
OO,6700,SkyWest Airlines Inc.
OO,6700,SkyWest Airlines Inc.
OO,6700,SkyWest Airlines Inc.
UA,0A875,United Air Lines Inc.
UA,0A875,United Air Lines Inc.
F9,6460,Frontier Airlines Inc.
F9,6460,Frontier Airlines Inc.
F9,6460,Frontier Airlines Inc.
F9,6460,Frontier Airlines Inc.
F9,6460,Frontier Airlines Inc.
F9,6460,Frontier Airlines Inc.
F9,6460,Frontier Airlines Inc.
NK,6830,Spirit Air Lines
AX,6904,Trans States Airlines
AX,6904,Trans States Airlines
AA,0A050,American Airlines Inc.
WN,6725,Southwest Airlines Co.
WN,6725,Southwest Airlines Co.
WN,6725,Southwest Airlines Co.
G7,7041,GoJet Airlines LLC d/b/a United Express
WN,6725,Southwest Airlines Co.
G7,7041,GoJet Airlines LLC d/b/a United Express
OO,6700,SkyWest Airlines Inc.
G7,7041,GoJet Airlines LLC d/b/a United Express
WN,6725,Southwest Airlines Co.
AX,6904,Trans States Airlines
UA,0A875,United Air Lines Inc.
AX,6904,Trans States Airlines
UA,0A875,United Air Lines Inc.
OO,6700,SkyWest Airlines Inc.
OO,6700,SkyWest Airlines Inc.
UA,0A875,United Air Lines Inc.
UA,0A875,United Air Lines Inc.
UA,0A875,United Air Lines Inc.
WN,6725,Southwest Airlines Co.
OO,6700,SkyWest Airlines Inc.
OO,6700,SkyWest Airlines Inc.
OO,6700,SkyWest Airlines Inc.
UA,0A875,United Air Lines Inc.
UA,0A875,United Air Lines Inc.
UA,0A875,United Air Lines Inc.
WN,6725,Southwest Airlines Co.
WN,6725,Southwest Airlines Co.
WN,6725,Southwest Airlines Co.
UA,0A875,United Air Lines Inc.
AX,6904,Trans States Airlines
AX,6904,Trans States Airlines
WN,6725,Southwest Airlines Co.
WN,6725,Southwest Airlines Co.
AX,6904,Trans States Airlines
WN,6725,Southwest Airlines Co.
WN,6725,Southwest Airlines Co.
YX,6003,Republic Airlines
WN,6725,Southwest Airlines Co.
AX,6904,Trans States Airlines
WN,6725,Southwest Airlines Co.
WN,6725,Southwest Airlines Co.
WN,6725,Southwest Airlines Co.
WN,6725,Southwest Airlines Co.
OO,6700,SkyWest Airlines Inc.
UA,0A875,United Air Lines Inc.
4B,1177,Boutique Air
ZK,6932,Great Lakes Airlines
ZK,6932,Great Lakes Airlines
4B,1177,Boutique Air
WN,6725,Southwest Airlines Co.
WN,6725,Southwest Airlines Co.
WN,6725,Southwest Airlines Co.
AS,6031,Alaska Airlines Inc.
UA,0A875,United Air Lines Inc.
UA,0A875,United Air Lines Inc.
AS,6031,Alaska Airlines Inc.
UA,0A875,United Air Lines Inc.
UA,0A875,United Air Lines Inc.
F9,6460,Frontier Airlines Inc.
UA,0A875,United Air Lines Inc.
UA,0A875,United Air Lines Inc.
AA,0A050,American Airlines Inc.
OO,6700,SkyWest Airlines Inc.
UA,0A875,United Air Lines Inc.
F9,6460,Frontier Airlines Inc.
WN,6725,Southwest Airlines Co.
AA,0A050,American Airlines Inc.
WN,6725,Southwest Airlines Co.
UA,0A875,United Air Lines Inc.
UA,0A875,United Air Lines Inc.
UA,0A875,United Air Lines Inc.
WN,6725,Southwest Airlines Co.
WN,6725,Southwest Airlines Co.
WN,6725,Southwest Airlines Co.
WN,6725,Southwest Airlines Co.
WN,6725,Southwest Airlines Co.
WN,6725,Southwest Airlines Co.
WN,6725,Southwest Airlines Co.
WN,6725,Southwest Airlines Co.
WN,6725,Southwest Airlines Co.
WN,6725,Southwest Airlines Co.
OO,6700,SkyWest Airlines Inc.
UA,0A875,United Air Lines Inc.
OO,6700,SkyWest Airlines Inc.
WN,6725,Southwest Airlines Co.
OO,6700,SkyWest Airlines Inc.
WN,6725,Southwest Airlines Co.
VX,1006,Virgin America
VX,1006,Virgin America
WN,6725,Southwest Airlines Co.
WN,6725,Southwest Airlines Co.
OO,6700,SkyWest Airlines Inc.
WN,6725,Southwest Airlines Co.
AA,0A050,American Airlines Inc.
OO,6700,SkyWest Airlines Inc.
WN,6725,Southwest Airlines Co.
MQ,6820,Envoy Air
YV,6689,Mesa Airlines Inc.
MQ,6820,Envoy Air
AA,0A050,American Airlines Inc.
YV,6689,Mesa Airlines Inc.
WN,6725,Southwest Airlines Co.
OO,6700,SkyWest Airlines Inc.
UA,0A875,United Air Lines Inc.
AA,0A050,American Airlines Inc.
AA,0A050,American Airlines Inc.
WN,6725,Southwest Airlines Co.
WN,6725,Southwest Airlines Co.
WN,6725,Southwest Airlines Co.
WN,6725,Southwest Airlines Co.
WN,6725,Southwest Airlines Co.
OO,6700,SkyWest Airlines Inc.
UA,0A875,United Air Lines Inc.
OO,6700,SkyWest Airlines Inc.
OO,6700,SkyWest Airlines Inc.
UA,0A875,United Air Lines Inc.
WN,6725,Southwest Airlines Co.
WN,6725,Southwest Airlines Co.
UA,0A875,United Air Lines Inc.
WN,6725,Southwest Airlines Co.
WN,6725,Southwest Airlines Co.
WN,6725,Southwest Airlines Co.
OO,6700,SkyWest Airlines Inc.
WN,6725,Southwest Airlines Co.
G7,7041,GoJet Airlines LLC d/b/a United Express
G7,7041,GoJet Airlines LLC d/b/a United Express
WN,6725,Southwest Airlines Co.
WN,6725,Southwest Airlines Co.
UA,0A875,United Air Lines Inc.
WN,6725,Southwest Airlines Co.
AA,0A050,American Airlines Inc.
AA,0A050,American Airlines Inc.
WN,6725,Southwest Airlines Co.
WN,6725,Southwest Airlines Co.
WN,6725,Southwest Airlines Co.
OO,6700,SkyWest Airlines Inc.
UA,0A875,United Air Lines Inc.
WN,6725,Southwest Airlines Co.
WN,6725,Southwest Airlines Co.
WN,6725,Southwest Airlines Co.
OO,6700,SkyWest Airlines Inc.
UA,0A875,United Air Lines Inc.
OO,6700,SkyWest Airlines Inc.
OO,6700,SkyWest Airlines Inc.
WN,6725,Southwest Airlines Co.
WN,6725,Southwest Airlines Co.
DL,1260,Delta Air Lines Inc.
WN,6725,Southwest Airlines Co.
WN,6725,Southwest Airlines Co.
DL,1260,Delta Air Lines Inc.
UA,0A875,United Air Lines Inc.
DL,1260,Delta Air Lines Inc.
DL,1260,Delta Air Lines Inc.
WN,6725,Southwest Airlines Co.
WN,6725,Southwest Airlines Co.
WN,6725,Southwest Airlines Co.
WN,6725,Southwest Airlines Co.
UA,0A875,United Air Lines Inc.
WN,6725,Southwest Airlines Co.
WN,6725,Southwest Airlines Co.
OO,6700,SkyWest Airlines Inc.
OO,6700,SkyWest Airlines Inc.
WN,6725,Southwest Airlines Co.
AA,0A050,American Airlines Inc.
AA,0A050,American Airlines Inc.
WN,6725,Southwest Airlines Co.
WN,6725,Southwest Airlines Co.
WN,6725,Southwest Airlines Co.
WN,6725,Southwest Airlines Co.
UA,0A875,United Air Lines Inc.
AA,0A050,American Airlines Inc.
UA,0A875,United Air Lines Inc.
WN,6725,Southwest Airlines Co.
AA,0A050,American Airlines Inc.
