DEST,DEST_CITY_NAME
DEN,"Denver, CO"
SFO,"San Francisco, CA"
DEN,"Denver, CO"
APA,"Denver, CO"
DIK,"Dickinson, ND"
ISN,"Williston, ND"
DEN,"Denver, CO"
STL,"St. Louis, MO"
EGE,"Eagle, CO"
EGE,"Eagle, CO"
DEN,"Denver, CO"
GSP,"Greer, SC"
VCV,"Victorville, CA"
COS,"Colorado Springs, CO"
BUR,"Burbank, CA"
EGE,"Eagle, CO"
BUR,"Burbank, CA"
ASE,"Aspen, CO"
PHX,"Phoenix, AZ"
DEN,"Denver, CO"
COS,"Colorado Springs, CO"
DEN,"Denver, CO"
DEN,"Denver, CO"
ATL,"Atlanta, GA"
DFW,"Dallas/Fort Worth, TX"
DEN,"Denver, CO"
ATL,"Atlanta, GA"
ATL,"Atlanta, GA"
ATL,"Atlanta, GA"
CVG,"Cincinnati, OH"
DTW,"Detroit, MI"
FSD,"Sioux Falls, SD"
LAS,"Las Vegas, NV"
SAN,"San Diego, CA"
SLC,"Salt Lake City, UT"
DEN,"Denver, CO"
DEN,"Denver, CO"
DEN,"Denver, CO"
DEN,"Denver, CO"
DEN,"Denver, CO"
DEN,"Denver, CO"
YIP,"Detroit, MI"
COS,"Colorado Springs, CO"
DEN,"Denver, CO"
CLE,"Cleveland, OH"
JAN,"Jackson/Vicksburg, MS"
LAX,"Los Angeles, CA"
MIA,"Miami, FL"
RIC,"Richmond, VA"
DEN,"Denver, CO"
SFO,"San Francisco, CA"
DEN,"Denver, CO"
DEN,"Denver, CO"
DEN,"Denver, CO"
COS,"Colorado Springs, CO"
BUF,"Buffalo, NY"
CRP,"Corpus Christi, TX"
ECP,"Panama City, FL"
GPT,"Gulfport/Biloxi, MS"
GSP,"Greer, SC"
LBB,"Lubbock, TX"
LIT,"Little Rock, AR"
COS,"Colorado Springs, CO"
DEN,"Denver, CO"
AUS,"Austin, TX"
ORD,"Chicago, IL"
SJC,"San Jose, CA"
APA,"Denver, CO"
APA,"Denver, CO"
ASE,"Aspen, CO"
LAS,"Las Vegas, NV"
DEN,"Denver, CO"
DEN,"Denver, CO"
OAK,"Oakland, CA"
PTK,"Pontiac, MI"
SLC,"Salt Lake City, UT"
GJT,"Grand Junction, CO"
ENV,"Wendover, UT"
DEN,"Denver, CO"
DEN,"Denver, CO"
OAK,"Oakland, CA"
DEN,"Denver, CO"
MKE,"Milwaukee, WI"
DEN,"Denver, CO"
IFP,"Bullhead City, AZ"
IFP,"Bullhead City, AZ"
DEN,"Denver, CO"
FNL,"Fort Collins/Loveland, CO"
MTJ,"Montrose/Delta, CO"
PUB,"Pueblo, CO"
IFP,"Bullhead City, AZ"
IFP,"Bullhead City, AZ"
PUB,"Pueblo, CO"
OAK,"Oakland, CA"
DEN,"Denver, CO"
CVG,"Cincinnati, OH"
DEN,"Denver, CO"
COS,"Colorado Springs, CO"
DEN,"Denver, CO"
OKC,"Oklahoma City, OK"
DEN,"Denver, CO"
DEN,"Denver, CO"
DEN,"Denver, CO"
BFF,"Scottsbluff, NE"
DDC,"Dodge City, KS"
DEN,"Denver, CO"
EAR,"Kearney, NE"
LBF,"North Platte, NE"
LBL,"Liberal, KS"
DEN,"Denver, CO"
DEN,"Denver, CO"
APA,"Denver, CO"
DEN,"Denver, CO"
PGA,"Page, AZ"
FMN,"Farmington, NM"
DEN,"Denver, CO"
DEN,"Denver, CO"
ATY,"Watertown, SD"
ISN,"Williston, ND"
DEN,"Denver, CO"
LAS,"Las Vegas, NV"
GJT,"Grand Junction, CO"
DEN,"Denver, CO"
DFW,"Dallas/Fort Worth, TX"
ICT,"Wichita, KS"
BOS,"Boston, MA"
LAX,"Los Angeles, CA"
LIT,"Little Rock, AR"
DEN,"Denver, CO"
COS,"Colorado Springs, CO"
DEN,"Denver, CO"
DEN,"Denver, CO"
COS,"Colorado Springs, CO"
LAX,"Los Angeles, CA"
MSP,"Minneapolis, MN"
MSP,"Minneapolis, MN"
SLC,"Salt Lake City, UT"
DEN,"Denver, CO"
DEN,"Denver, CO"
DEN,"Denver, CO"
TUL,"Tulsa, OK"
DEN,"Denver, CO"
DEN,"Denver, CO"
LIT,"Little Rock, AR"
MSO,"Missoula, MT"
TUS,"Tucson, AZ"
DEN,"Denver, CO"
COS,"Colorado Springs, CO"
ABQ,"Albuquerque, NM"
ATL,"Atlanta, GA"
AUS,"Austin, TX"
CID,"Cedar Rapids/Iowa City, IA"
COD,"Cody, WY"
CPR,"Casper, WY"
DFW,"Dallas/Fort Worth, TX"
GRR,"Grand Rapids, MI"
IAH,"Houston, TX"
JAC,"Jackson, WY"
LIT,"Little Rock, AR"
MFR,"Medford, OR"
OMA,"Omaha, NE"
ORD,"Chicago, IL"
RDM,"Bend/Redmond, OR"
SAN,"San Diego, CA"
SDF,"Louisville, KY"
SFO,"San Francisco, CA"
SFO,"San Francisco, CA"
SNA,"Santa Ana, CA"
SUN,"Sun Valley/Hailey/Ketchum, ID"
COS,"Colorado Springs, CO"
LAX,"Los Angeles, CA"
DEN,"Denver, CO"
DEN,"Denver, CO"
DEN,"Denver, CO"
DEN,"Denver, CO"
DEN,"Denver, CO"
DEN,"Denver, CO"
COS,"Colorado Springs, CO"
DEN,"Denver, CO"
DEN,"Denver, CO"
GJT,"Grand Junction, CO"
DEN,"Denver, CO"
DEN,"Denver, CO"
COS,"Colorado Springs, CO"
DEN,"Denver, CO"
DEN,"Denver, CO"
DEN,"Denver, CO"
DEN,"Denver, CO"
DEN,"Denver, CO"
DEN,"Denver, CO"
ABQ,"Albuquerque, NM"
BIL,"Billings, MT"
BOS,"Boston, MA"
BZN,"Bozeman, MT"
CVG,"Cincinnati, OH"
DTW,"Detroit, MI"
FLL,"Fort Lauderdale, FL"
IAD,"Washington, DC"
IAH,"Houston, TX"
LAS,"Las Vegas, NV"
MCI,"Kansas City, MO"
MCO,"Orlando, FL"
ORD,"Chicago, IL"
PHL,"Philadelphia, PA"
PSP,"Palm Springs, CA"
RIC,"Richmond, VA"
RNO,"Reno, NV"
SLC,"Salt Lake City, UT"
STL,"St. Louis, MO"
STL,"St. Louis, MO"
TUL,"Tulsa, OK"
DEN,"Denver, CO"
DEN,"Denver, CO"
DEN,"Denver, CO"
DEN,"Denver, CO"
DEN,"Denver, CO"
DEN,"Denver, CO"
DEN,"Denver, CO"
DEN,"Denver, CO"
DEN,"Denver, CO"
DEN,"Denver, CO"
DEN,"Denver, CO"
DEN,"Denver, CO"
DEN,"Denver, CO"
DEN,"Denver, CO"
DEN,"Denver, CO"
DEN,"Denver, CO"
DEN,"Denver, CO"
DEN,"Denver, CO"
DEN,"Denver, CO"
ABQ,"Albuquerque, NM"
BOI,"Boise, ID"
DTW,"Detroit, MI"
GRR,"Grand Rapids, MI"
MKE,"Milwaukee, WI"
PDX,"Portland, OR"
PHL,"Philadelphia, PA"
RNO,"Reno, NV"
RSW,"Fort Myers, FL"
TUL,"Tulsa, OK"
DEN,"Denver, CO"
DEN,"Denver, CO"
DEN,"Denver, CO"
DEN,"Denver, CO"
DEN,"Denver, CO"
DEN,"Denver, CO"
DEN,"Denver, CO"
DEN,"Denver, CO"
DEN,"Denver, CO"
CLE,"Cleveland, OH"
COS,"Colorado Springs, CO"
DSM,"Des Moines, IA"
ICT,"Wichita, KS"
OMA,"Omaha, NE"
SLC,"Salt Lake City, UT"
DEN,"Denver, CO"
DEN,"Denver, CO"
DEN,"Denver, CO"
DEN,"Denver, CO"
CMH,"Columbus, OH"
DTW,"Detroit, MI"
IAH,"Houston, TX"
IND,"Indianapolis, IN"
MCO,"Orlando, FL"
MCO,"Orlando, FL"
MSO,"Missoula, MT"
ORD,"Chicago, IL"
ORD,"Chicago, IL"
PHX,"Phoenix, AZ"
STL,"St. Louis, MO"
TYS,"Knoxville, TN"
DEN,"Denver, CO"
DEN,"Denver, CO"
DEN,"Denver, CO"
DEN,"Denver, CO"
DEN,"Denver, CO"
DEN,"Denver, CO"
DEN,"Denver, CO"
DEN,"Denver, CO"
DEN,"Denver, CO"
DEN,"Denver, CO"
DEN,"Denver, CO"
DFW,"Dallas/Fort Worth, TX"
IND,"Indianapolis, IN"
MCI,"Kansas City, MO"
MSY,"New Orleans, LA"
SLC,"Salt Lake City, UT"
TUS,"Tucson, AZ"
SLC,"Salt Lake City, UT"
DEN,"Denver, CO"
DEN,"Denver, CO"
GJT,"Grand Junction, CO"
DEN,"Denver, CO"
DTW,"Detroit, MI"
DEN,"Denver, CO"
LAW,"Lawton/Fort Sill, OK"
DRO,"Durango, CO"
DEN,"Denver, CO"
DEN,"Denver, CO"
MTJ,"Montrose/Delta, CO"
DFW,"Dallas/Fort Worth, TX"
SLN,"Salina, KS"
DEN,"Denver, CO"
STL,"St. Louis, MO"
COS,"Colorado Springs, CO"
DEN,"Denver, CO"
GUC,"Gunnison, CO"
BFI,"Seattle, WA"
LAS,"Las Vegas, NV"
SDF,"Louisville, KY"
DEN,"Denver, CO"
DEN,"Denver, CO"
PDX,"Portland, OR"
DEN,"Denver, CO"
DEN,"Denver, CO"
MSP,"Minneapolis, MN"
MSP,"Minneapolis, MN"
DEN,"Denver, CO"
GRR,"Grand Rapids, MI"
DEN,"Denver, CO"
DEN,"Denver, CO"
COS,"Colorado Springs, CO"
GJT,"Grand Junction, CO"
GTF,"Great Falls, MT"
PDX,"Portland, OR"
SAT,"San Antonio, TX"
COS,"Colorado Springs, CO"
ASE,"Aspen, CO"
DEN,"Denver, CO"
DFW,"Dallas/Fort Worth, TX"
DEN,"Denver, CO"
GJT,"Grand Junction, CO"
DEN,"Denver, CO"
DEN,"Denver, CO"
DEN,"Denver, CO"
DEN,"Denver, CO"
DEN,"Denver, CO"
ATL,"Atlanta, GA"
BOS,"Boston, MA"
DCA,"Washington, DC"
GEG,"Spokane, WA"
ICT,"Wichita, KS"
RDU,"Raleigh/Durham, NC"
SBA,"Santa Barbara, CA"
TPA,"Tampa, FL"
TUS,"Tucson, AZ"
DEN,"Denver, CO"
DEN,"Denver, CO"
DEN,"Denver, CO"
DEN,"Denver, CO"
DEN,"Denver, CO"
DEN,"Denver, CO"
DEN,"Denver, CO"
DEN,"Denver, CO"
DEN,"Denver, CO"
ABQ,"Albuquerque, NM"
BWI,"Baltimore, MD"
CHS,"Charleston, SC"
CMH,"Columbus, OH"
GEG,"Spokane, WA"
SDF,"Louisville, KY"
SLC,"Salt Lake City, UT"
DEN,"Denver, CO"
DEN,"Denver, CO"
DEN,"Denver, CO"
DEN,"Denver, CO"
DEN,"Denver, CO"
DEN,"Denver, CO"
BHM,"Birmingham, AL"
CMH,"Columbus, OH"
MSP,"Minneapolis, MN"
TUL,"Tulsa, OK"
DEN,"Denver, CO"
MSN,"Madison, WI"
MSP,"Minneapolis, MN"
RDU,"Raleigh/Durham, NC"
SAT,"San Antonio, TX"
DEN,"Denver, CO"
DEN,"Denver, CO"
DEN,"Denver, CO"
BIL,"Billings, MT"
ELP,"El Paso, TX"
DEN,"Denver, CO"
CVG,"Cincinnati, OH"
SLC,"Salt Lake City, UT"
DEN,"Denver, CO"
DEN,"Denver, CO"
BZN,"Bozeman, MT"
MSP,"Minneapolis, MN"
SDF,"Louisville, KY"
DEN,"Denver, CO"
DEN,"Denver, CO"
DEN,"Denver, CO"
DEN,"Denver, CO"
DEN,"Denver, CO"
AMA,"Amarillo, TX"
BZN,"Bozeman, MT"
CVG,"Cincinnati, OH"
DAY,"Dayton, OH"
GRR,"Grand Rapids, MI"
LBB,"Lubbock, TX"
MTJ,"Montrose/Delta, CO"
ONT,"Ontario, CA"
PHX,"Phoenix, AZ"
PSP,"Palm Springs, CA"
RDM,"Bend/Redmond, OR"
SAT,"San Antonio, TX"
TUL,"Tulsa, OK"
DEN,"Denver, CO"
GJT,"Grand Junction, CO"
DEN,"Denver, CO"
DEN,"Denver, CO"
DEN,"Denver, CO"
DEN,"Denver, CO"
DEN,"Denver, CO"
DEN,"Denver, CO"
DEN,"Denver, CO"
DEN,"Denver, CO"
ATL,"Atlanta, GA"
EWR,"Newark, NJ"
MCI,"Kansas City, MO"
PSP,"Palm Springs, CA"
DEN,"Denver, CO"
DEN,"Denver, CO"
DEN,"Denver, CO"
DEN,"Denver, CO"
DEN,"Denver, CO"
DEN,"Denver, CO"
DEN,"Denver, CO"
DEN,"Denver, CO"
CHS,"Charleston, SC"
IND,"Indianapolis, IN"
LGB,"Long Beach, CA"
MCI,"Kansas City, MO"
MSY,"New Orleans, LA"
MSY,"New Orleans, LA"
OMA,"Omaha, NE"
ONT,"Ontario, CA"
ORF,"Norfolk, VA"
SAT,"San Antonio, TX"
SEA,"Seattle, WA"
SJC,"San Jose, CA"
SMF,"Sacramento, CA"
TUS,"Tucson, AZ"
DEN,"Denver, CO"
DEN,"Denver, CO"
DEN,"Denver, CO"
DEN,"Denver, CO"
DEN,"Denver, CO"
DEN,"Denver, CO"
DEN,"Denver, CO"
DEN,"Denver, CO"
DEN,"Denver, CO"
ABQ,"Albuquerque, NM"
BNA,"Nashville, TN"
ELP,"El Paso, TX"
MEM,"Memphis, TN"
OKC,"Oklahoma City, OK"
XNA,"Fayetteville, AR"
DEN,"Denver, CO"
DEN,"Denver, CO"
DEN,"Denver, CO"
DEN,"Denver, CO"
DEN,"Denver, CO"
DEN,"Denver, CO"
DEN,"Denver, CO"
DEN,"Denver, CO"
DEN,"Denver, CO"
CID,"Cedar Rapids/Iowa City, IA"
IND,"Indianapolis, IN"
DEN,"Denver, CO"
DEN,"Denver, CO"
DEN,"Denver, CO"
BIL,"Billings, MT"
SGF,"Springfield, MO"
SHV,"Shreveport, LA"
TUS,"Tucson, AZ"
DEN,"Denver, CO"
DEN,"Denver, CO"
DEN,"Denver, CO"
COS,"Colorado Springs, CO"
DEN,"Denver, CO"
LAX,"Los Angeles, CA"
GJT,"Grand Junction, CO"
DFW,"Dallas/Fort Worth, TX"
DEN,"Denver, CO"
DEN,"Denver, CO"
ABQ,"Albuquerque, NM"
DFW,"Dallas/Fort Worth, TX"
DEN,"Denver, CO"
GEG,"Spokane, WA"
MSO,"Missoula, MT"
MSP,"Minneapolis, MN"
SGF,"Springfield, MO"
LAX,"Los Angeles, CA"
DEN,"Denver, CO"
DRO,"Durango, CO"
DEN,"Denver, CO"
DEN,"Denver, CO"
DEN,"Denver, CO"
DEN,"Denver, CO"
DEN,"Denver, CO"
DEN,"Denver, CO"
DEN,"Denver, CO"
DEN,"Denver, CO"
DEN,"Denver, CO"
DEN,"Denver, CO"
DEN,"Denver, CO"
BOI,"Boise, ID"
BZN,"Bozeman, MT"
CLT,"Charlotte, NC"
CMH,"Columbus, OH"
CMH,"Columbus, OH"
EUG,"Eugene, OR"
FCA,"Kalispell, MT"
LIH,"Lihue, HI"
MSN,"Madison, WI"
MSY,"New Orleans, LA"
PHL,"Philadelphia, PA"
PHL,"Philadelphia, PA"
RNO,"Reno, NV"
SFO,"San Francisco, CA"
DEN,"Denver, CO"
DEN,"Denver, CO"
DEN,"Denver, CO"
DEN,"Denver, CO"
DEN,"Denver, CO"
DEN,"Denver, CO"
DEN,"Denver, CO"
AUS,"Austin, TX"
ORF,"Norfolk, VA"
SAN,"San Diego, CA"
SAT,"San Antonio, TX"
SJC,"San Jose, CA"
DEN,"Denver, CO"
DEN,"Denver, CO"
DEN,"Denver, CO"
DEN,"Denver, CO"
DEN,"Denver, CO"
DEN,"Denver, CO"
IND,"Indianapolis, IN"
SAT,"San Antonio, TX"
DEN,"Denver, CO"
DEN,"Denver, CO"
MKE,"Milwaukee, WI"
SNA,"Santa Ana, CA"
DEN,"Denver, CO"
DEN,"Denver, CO"
MSP,"Minneapolis, MN"
ICT,"Wichita, KS"
DEN,"Denver, CO"
ORD,"Chicago, IL"
MTJ,"Montrose/Delta, CO"
BUR,"Burbank, CA"
SDF,"Louisville, KY"
SLC,"Salt Lake City, UT"
DEN,"Denver, CO"
CID,"Cedar Rapids/Iowa City, IA"
IND,"Indianapolis, IN"
DEN,"Denver, CO"
DEN,"Denver, CO"
ATL,"Atlanta, GA"
BIL,"Billings, MT"
CLE,"Cleveland, OH"
DRO,"Durango, CO"
FCA,"Kalispell, MT"
ICT,"Wichita, KS"
MCI,"Kansas City, MO"
MEM,"Memphis, TN"
MOT,"Minot, ND"
OMA,"Omaha, NE"
SBA,"Santa Barbara, CA"
DEN,"Denver, CO"
DEN,"Denver, CO"
DEN,"Denver, CO"
DEN,"Denver, CO"
DEN,"Denver, CO"
DEN,"Denver, CO"
DEN,"Denver, CO"
BWI,"Baltimore, MD"
CID,"Cedar Rapids/Iowa City, IA"
CLT,"Charlotte, NC"
CVG,"Cincinnati, OH"
EWR,"Newark, NJ"
GEG,"Spokane, WA"
MFR,"Medford, OR"
ONT,"Ontario, CA"
SJC,"San Jose, CA"
SMF,"Sacramento, CA"
TUS,"Tucson, AZ"
DEN,"Denver, CO"
DEN,"Denver, CO"
DEN,"Denver, CO"
DEN,"Denver, CO"
DEN,"Denver, CO"
DEN,"Denver, CO"
DEN,"Denver, CO"
DEN,"Denver, CO"
DEN,"Denver, CO"
DEN,"Denver, CO"
LGB,"Long Beach, CA"
MSP,"Minneapolis, MN"
STL,"St. Louis, MO"
DEN,"Denver, CO"
DEN,"Denver, CO"
DEN,"Denver, CO"
DEN,"Denver, CO"
DEN,"Denver, CO"
DEN,"Denver, CO"
PHX,"Phoenix, AZ"
DEN,"Denver, CO"
DEN,"Denver, CO"
CID,"Cedar Rapids/Iowa City, IA"
DEN,"Denver, CO"
CYS,"Cheyenne, WY"
MEM,"Memphis, TN"
DEN,"Denver, CO"
ORD,"Chicago, IL"
MTJ,"Montrose/Delta, CO"
DEN,"Denver, CO"
DEN,"Denver, CO"
LAX,"Los Angeles, CA"
CLT,"Charlotte, NC"
MFR,"Medford, OR"
OTH,"North Bend/Coos Bay, OR"
DEN,"Denver, CO"
DEN,"Denver, CO"
DEN,"Denver, CO"
DEN,"Denver, CO"
DEN,"Denver, CO"
DEN,"Denver, CO"
DEN,"Denver, CO"
DEN,"Denver, CO"
DEN,"Denver, CO"
DEN,"Denver, CO"
DEN,"Denver, CO"
DTW,"Detroit, MI"
GRR,"Grand Rapids, MI"
IND,"Indianapolis, IN"
MCI,"Kansas City, MO"
MKE,"Milwaukee, WI"
MSY,"New Orleans, LA"
DEN,"Denver, CO"
DEN,"Denver, CO"
DEN,"Denver, CO"
DEN,"Denver, CO"
DEN,"Denver, CO"
DEN,"Denver, CO"
FLL,"Fort Lauderdale, FL"
JAX,"Jacksonville, FL"
MCI,"Kansas City, MO"
OAK,"Oakland, CA"
OKC,"Oklahoma City, OK"
DEN,"Denver, CO"
DEN,"Denver, CO"
DEN,"Denver, CO"
DEN,"Denver, CO"
ATL,"Atlanta, GA"
DFW,"Dallas/Fort Worth, TX"
OMA,"Omaha, NE"
SDF,"Louisville, KY"
GJT,"Grand Junction, CO"
MEM,"Memphis, TN"
MEM,"Memphis, TN"
COS,"Colorado Springs, CO"
DEN,"Denver, CO"
FSD,"Sioux Falls, SD"
LAS,"Las Vegas, NV"
GJT,"Grand Junction, CO"
TYS,"Knoxville, TN"
DEN,"Denver, CO"
DEN,"Denver, CO"
DEN,"Denver, CO"
DEN,"Denver, CO"
GJT,"Grand Junction, CO"
RIC,"Richmond, VA"
DEN,"Denver, CO"
DEN,"Denver, CO"
DEN,"Denver, CO"
DEN,"Denver, CO"
BIL,"Billings, MT"
BOI,"Boise, ID"
BUR,"Burbank, CA"
DSM,"Des Moines, IA"
EUG,"Eugene, OR"
EUG,"Eugene, OR"
MKE,"Milwaukee, WI"
OKC,"Oklahoma City, OK"
PIT,"Pittsburgh, PA"
SLC,"Salt Lake City, UT"
DEN,"Denver, CO"
DEN,"Denver, CO"
DEN,"Denver, CO"
DEN,"Denver, CO"
DEN,"Denver, CO"
DEN,"Denver, CO"
DEN,"Denver, CO"
DEN,"Denver, CO"
DEN,"Denver, CO"
EWR,"Newark, NJ"
PNS,"Pensacola, FL"
RDU,"Raleigh/Durham, NC"
DEN,"Denver, CO"
DEN,"Denver, CO"
DEN,"Denver, CO"
HDN,"Hayden, CO"
DEN,"Denver, CO"
SDF,"Louisville, KY"
DEN,"Denver, CO"
PHX,"Phoenix, AZ"
DEN,"Denver, CO"
CLE,"Cleveland, OH"
DEN,"Denver, CO"
TUS,"Tucson, AZ"
DEN,"Denver, CO"
DEN,"Denver, CO"
AUS,"Austin, TX"
BDL,"Hartford, CT"
DTW,"Detroit, MI"
FLL,"Fort Lauderdale, FL"
LGA,"New York, NY"
MSN,"Madison, WI"
MSP,"Minneapolis, MN"
SEA,"Seattle, WA"
TUL,"Tulsa, OK"
DEN,"Denver, CO"
DEN,"Denver, CO"
DEN,"Denver, CO"
GEG,"Spokane, WA"
HOU,"Houston, TX"
LAX,"Los Angeles, CA"
OKC,"Oklahoma City, OK"
PHX,"Phoenix, AZ"
SFO,"San Francisco, CA"
DEN,"Denver, CO"
DEN,"Denver, CO"
DEN,"Denver, CO"
DEN,"Denver, CO"
SFO,"San Francisco, CA"
COS,"Colorado Springs, CO"
OAK,"Oakland, CA"
GUC,"Gunnison, CO"
DEN,"Denver, CO"
DEN,"Denver, CO"
COS,"Colorado Springs, CO"
AZA,"Phoenix, AZ"
LAS,"Las Vegas, NV"
LAX,"Los Angeles, CA"
COS,"Colorado Springs, CO"
GJT,"Grand Junction, CO"
DEN,"Denver, CO"
BKG,"Branson, MO"
CID,"Cedar Rapids/Iowa City, IA"
FCA,"Kalispell, MT"
OKC,"Oklahoma City, OK"
OKC,"Oklahoma City, OK"
DEN,"Denver, CO"
DEN,"Denver, CO"
DEN,"Denver, CO"
DEN,"Denver, CO"
IND,"Indianapolis, IN"
PDX,"Portland, OR"
DEN,"Denver, CO"
DEN,"Denver, CO"
DEN,"Denver, CO"
DEN,"Denver, CO"
ATL,"Atlanta, GA"
BDL,"Hartford, CT"
DEN,"Denver, CO"
DEN,"Denver, CO"
DEN,"Denver, CO"
DCA,"Washington, DC"
DEN,"Denver, CO"
DEN,"Denver, CO"
BUR,"Burbank, CA"
CMH,"Columbus, OH"
TUS,"Tucson, AZ"
DEN,"Denver, CO"
DEN,"Denver, CO"
BWI,"Baltimore, MD"
DSM,"Des Moines, IA"
FSD,"Sioux Falls, SD"
PSP,"Palm Springs, CA"
DEN,"Denver, CO"
DEN,"Denver, CO"
DEN,"Denver, CO"
DEN,"Denver, CO"
DEN,"Denver, CO"
CLE,"Cleveland, OH"
LAS,"Las Vegas, NV"
MSP,"Minneapolis, MN"
SDF,"Louisville, KY"
DEN,"Denver, CO"
DEN,"Denver, CO"
DEN,"Denver, CO"
COS,"Colorado Springs, CO"
DEN,"Denver, CO"
DSM,"Des Moines, IA"
DEN,"Denver, CO"
MEM,"Memphis, TN"
DEN,"Denver, CO"
TUL,"Tulsa, OK"
DEN,"Denver, CO"
TEX,"Telluride, CO"
DEN,"Denver, CO"
PHX,"Phoenix, AZ"
CEZ,"Cortez, CO"
LGA,"New York, NY"
DEN,"Denver, CO"
DEN,"Denver, CO"
EUG,"Eugene, OR"
IAD,"Washington, DC"
MSY,"New Orleans, LA"
OMA,"Omaha, NE"
ONT,"Ontario, CA"
SMF,"Sacramento, CA"
DEN,"Denver, CO"
IAD,"Washington, DC"
DEN,"Denver, CO"
DEN,"Denver, CO"
DEN,"Denver, CO"
LAX,"Los Angeles, CA"
COS,"Colorado Springs, CO"
GRR,"Grand Rapids, MI"
JFK,"New York, NY"
DEN,"Denver, CO"
SAT,"San Antonio, TX"
DEN,"Denver, CO"
EUG,"Eugene, OR"
MSP,"Minneapolis, MN"
RDU,"Raleigh/Durham, NC"
SEA,"Seattle, WA"
DEN,"Denver, CO"
DEN,"Denver, CO"
DEN,"Denver, CO"
DEN,"Denver, CO"
BNA,"Nashville, TN"
GJT,"Grand Junction, CO"
DEN,"Denver, CO"
DEN,"Denver, CO"
CVG,"Cincinnati, OH"
DEN,"Denver, CO"
SLC,"Salt Lake City, UT"
DEN,"Denver, CO"
BIL,"Billings, MT"
DSM,"Des Moines, IA"
MKE,"Milwaukee, WI"
OMA,"Omaha, NE"
ONT,"Ontario, CA"
TPA,"Tampa, FL"
DEN,"Denver, CO"
DEN,"Denver, CO"
DEN,"Denver, CO"
DEN,"Denver, CO"
DEN,"Denver, CO"
BZN,"Bozeman, MT"
CID,"Cedar Rapids/Iowa City, IA"
GSO,"Greensboro/High Point, NC"
SEA,"Seattle, WA"
DEN,"Denver, CO"
DEN,"Denver, CO"
DEN,"Denver, CO"
DEN,"Denver, CO"
DEN,"Denver, CO"
AUS,"Austin, TX"
SAN,"San Diego, CA"
DEN,"Denver, CO"
DEN,"Denver, CO"
DEN,"Denver, CO"
DEN,"Denver, CO"
DEN,"Denver, CO"
DEN,"Denver, CO"
DEN,"Denver, CO"
DEN,"Denver, CO"
BNA,"Nashville, TN"
SEA,"Seattle, WA"
DEN,"Denver, CO"
COS,"Colorado Springs, CO"
DEN,"Denver, CO"
PIT,"Pittsburgh, PA"
DEN,"Denver, CO"
DEN,"Denver, CO"
DEN,"Denver, CO"
MSN,"Madison, WI"
DEN,"Denver, CO"
MEM,"Memphis, TN"
GTF,"Great Falls, MT"
XNA,"Fayetteville, AR"
DEN,"Denver, CO"
SEA,"Seattle, WA"
COS,"Colorado Springs, CO"
DEN,"Denver, CO"
MLI,"Moline, IL"
ABQ,"Albuquerque, NM"
DEN,"Denver, CO"
DEN,"Denver, CO"
DEN,"Denver, CO"
DEN,"Denver, CO"
DEN,"Denver, CO"
DEN,"Denver, CO"
BNA,"Nashville, TN"
MSO,"Missoula, MT"
TYS,"Knoxville, TN"
DEN,"Denver, CO"
DEN,"Denver, CO"
FAT,"Fresno, CA"
MEM,"Memphis, TN"
DEN,"Denver, CO"
DEN,"Denver, CO"
GJT,"Grand Junction, CO"
DEN,"Denver, CO"
DEN,"Denver, CO"
PHX,"Phoenix, AZ"
CEZ,"Cortez, CO"
MSP,"Minneapolis, MN"
DEN,"Denver, CO"
DEN,"Denver, CO"
DEN,"Denver, CO"
MCI,"Kansas City, MO"
PSP,"Palm Springs, CA"
DEN,"Denver, CO"
DEN,"Denver, CO"
DEN,"Denver, CO"
ABQ,"Albuquerque, NM"
CLE,"Cleveland, OH"
IND,"Indianapolis, IN"
LAS,"Las Vegas, NV"
DEN,"Denver, CO"
DEN,"Denver, CO"
DEN,"Denver, CO"
DEN,"Denver, CO"
DAL,"Dallas, TX"
PDX,"Portland, OR"
SEA,"Seattle, WA"
DEN,"Denver, CO"
DEN,"Denver, CO"
MLI,"Moline, IL"
ELP,"El Paso, TX"
EUG,"Eugene, OR"
XNA,"Fayetteville, AR"
DEN,"Denver, CO"
DEN,"Denver, CO"
DEN,"Denver, CO"
BWI,"Baltimore, MD"
CMH,"Columbus, OH"
IAH,"Houston, TX"
PIT,"Pittsburgh, PA"
SJC,"San Jose, CA"
SJC,"San Jose, CA"
SLC,"Salt Lake City, UT"
STL,"St. Louis, MO"
DEN,"Denver, CO"
DEN,"Denver, CO"
LAS,"Las Vegas, NV"
TUL,"Tulsa, OK"
DEN,"Denver, CO"
COS,"Colorado Springs, CO"
DEN,"Denver, CO"
DEN,"Denver, CO"
BIL,"Billings, MT"
ONT,"Ontario, CA"
DEN,"Denver, CO"
DEN,"Denver, CO"
ICT,"Wichita, KS"
SDF,"Louisville, KY"
DEN,"Denver, CO"
DEN,"Denver, CO"
DEN,"Denver, CO"
BZN,"Bozeman, MT"
MFR,"Medford, OR"
MSY,"New Orleans, LA"
PHX,"Phoenix, AZ"
RNO,"Reno, NV"
SAT,"San Antonio, TX"
SFO,"San Francisco, CA"
DEN,"Denver, CO"
DEN,"Denver, CO"
DEN,"Denver, CO"
DEN,"Denver, CO"
DEN,"Denver, CO"
DEN,"Denver, CO"
ABQ,"Albuquerque, NM"
CLE,"Cleveland, OH"
SLC,"Salt Lake City, UT"
DEN,"Denver, CO"
ORD,"Chicago, IL"
DEN,"Denver, CO"
AFW,"Dallas/Fort Worth, TX"
DEN,"Denver, CO"
DEN,"Denver, CO"
MLI,"Moline, IL"
MSY,"New Orleans, LA"
SLC,"Salt Lake City, UT"
DEN,"Denver, CO"
MCI,"Kansas City, MO"
XNA,"Fayetteville, AR"
DEN,"Denver, CO"
DEN,"Denver, CO"
DEN,"Denver, CO"
DEN,"Denver, CO"
DEN,"Denver, CO"
DEN,"Denver, CO"
CLT,"Charlotte, NC"
FSD,"Sioux Falls, SD"
FSD,"Sioux Falls, SD"
GEG,"Spokane, WA"
MCI,"Kansas City, MO"
OKC,"Oklahoma City, OK"
PIT,"Pittsburgh, PA"
SAN,"San Diego, CA"
SAT,"San Antonio, TX"
DEN,"Denver, CO"
CLE,"Cleveland, OH"
DSM,"Des Moines, IA"
DEN,"Denver, CO"
COS,"Colorado Springs, CO"
DEN,"Denver, CO"
ICT,"Wichita, KS"
DEN,"Denver, CO"
ABQ,"Albuquerque, NM"
STL,"St. Louis, MO"
ASE,"Aspen, CO"
DEN,"Denver, CO"
FLL,"Fort Lauderdale, FL"
MSP,"Minneapolis, MN"
ONT,"Ontario, CA"
PDX,"Portland, OR"
SEA,"Seattle, WA"
SJC,"San Jose, CA"
TPA,"Tampa, FL"
DEN,"Denver, CO"
DEN,"Denver, CO"
DEN,"Denver, CO"
DEN,"Denver, CO"
DEN,"Denver, CO"
DEN,"Denver, CO"
DEN,"Denver, CO"
BDL,"Hartford, CT"
RNO,"Reno, NV"
SDF,"Louisville, KY"
SLC,"Salt Lake City, UT"
MCI,"Kansas City, MO"
DRO,"Durango, CO"
DRO,"Durango, CO"
CVG,"Cincinnati, OH"
DEN,"Denver, CO"
DEN,"Denver, CO"
SFO,"San Francisco, CA"
DEN,"Denver, CO"
DEN,"Denver, CO"
DEN,"Denver, CO"
DEN,"Denver, CO"
BDL,"Hartford, CT"
OMA,"Omaha, NE"
RIC,"Richmond, VA"
SBA,"Santa Barbara, CA"
SFO,"San Francisco, CA"
DEN,"Denver, CO"
DEN,"Denver, CO"
DEN,"Denver, CO"
DEN,"Denver, CO"
DEN,"Denver, CO"
DEN,"Denver, CO"
DEN,"Denver, CO"
DEN,"Denver, CO"
DEN,"Denver, CO"
CMH,"Columbus, OH"
LGA,"New York, NY"
CMH,"Columbus, OH"
DEN,"Denver, CO"
BIS,"Bismarck/Mandan, ND"
DRO,"Durango, CO"
MEM,"Memphis, TN"
DRO,"Durango, CO"
CPR,"Casper, WY"
COS,"Colorado Springs, CO"
RNO,"Reno, NV"
HDN,"Hayden, CO"
OMA,"Omaha, NE"
RAP,"Rapid City, SD"
DEN,"Denver, CO"
DEN,"Denver, CO"
DEN,"Denver, CO"
DEN,"Denver, CO"
ABQ,"Albuquerque, NM"
DFW,"Dallas/Fort Worth, TX"
FAT,"Fresno, CA"
PHX,"Phoenix, AZ"
DEN,"Denver, CO"
DEN,"Denver, CO"
DEN,"Denver, CO"
DEN,"Denver, CO"
ASE,"Aspen, CO"
DEN,"Denver, CO"
BOI,"Boise, ID"
JAC,"Jackson, WY"
DEN,"Denver, CO"
DEN,"Denver, CO"
DEN,"Denver, CO"
DEN,"Denver, CO"
DEN,"Denver, CO"
DEN,"Denver, CO"
BOI,"Boise, ID"
CHS,"Charleston, SC"
DEN,"Denver, CO"
DEN,"Denver, CO"
DEN,"Denver, CO"
DEN,"Denver, CO"
DEN,"Denver, CO"
TYS,"Knoxville, TN"
DEN,"Denver, CO"
MTJ,"Montrose/Delta, CO"
IAH,"Houston, TX"
DEN,"Denver, CO"
CVG,"Cincinnati, OH"
SGF,"Springfield, MO"
DEN,"Denver, CO"
DEN,"Denver, CO"
SBP,"San Luis Obispo, CA"
ASE,"Aspen, CO"
DEN,"Denver, CO"
DEN,"Denver, CO"
AUS,"Austin, TX"
AUS,"Austin, TX"
DFW,"Dallas/Fort Worth, TX"
FLL,"Fort Lauderdale, FL"
ICT,"Wichita, KS"
KOA,"Kona, HI"
OGG,"Kahului, HI"
TPA,"Tampa, FL"
DEN,"Denver, CO"
DEN,"Denver, CO"
DEN,"Denver, CO"
DEN,"Denver, CO"
DEN,"Denver, CO"
DEN,"Denver, CO"
DEN,"Denver, CO"
JAX,"Jacksonville, FL"
DEN,"Denver, CO"
DEN,"Denver, CO"
DEN,"Denver, CO"
DEN,"Denver, CO"
MAF,"Midland/Odessa, TX"
DEN,"Denver, CO"
DEN,"Denver, CO"
FSD,"Sioux Falls, SD"
DEN,"Denver, CO"
HDN,"Hayden, CO"
IAH,"Houston, TX"
CEZ,"Cortez, CO"
DEN,"Denver, CO"
MFR,"Medford, OR"
DEN,"Denver, CO"
DEN,"Denver, CO"
DEN,"Denver, CO"
ATL,"Atlanta, GA"
BOI,"Boise, ID"
CLT,"Charlotte, NC"
SFO,"San Francisco, CA"
DEN,"Denver, CO"
DEN,"Denver, CO"
DEN,"Denver, CO"
DEN,"Denver, CO"
DEN,"Denver, CO"
OKC,"Oklahoma City, OK"
SLC,"Salt Lake City, UT"
STL,"St. Louis, MO"
COS,"Colorado Springs, CO"
DEN,"Denver, CO"
DEN,"Denver, CO"
ABQ,"Albuquerque, NM"
DEN,"Denver, CO"
DEN,"Denver, CO"
IAH,"Houston, TX"
DEN,"Denver, CO"
BHM,"Birmingham, AL"
FSD,"Sioux Falls, SD"
PSP,"Palm Springs, CA"
SHV,"Shreveport, LA"
DEN,"Denver, CO"
DEN,"Denver, CO"
DEN,"Denver, CO"
DEN,"Denver, CO"
TUL,"Tulsa, OK"
DEN,"Denver, CO"
DEN,"Denver, CO"
DEN,"Denver, CO"
PHL,"Philadelphia, PA"
PIT,"Pittsburgh, PA"
DEN,"Denver, CO"
DEN,"Denver, CO"
LAS,"Las Vegas, NV"
IND,"Indianapolis, IN"
LAS,"Las Vegas, NV"
DEN,"Denver, CO"
DEN,"Denver, CO"
ABQ,"Albuquerque, NM"
MSP,"Minneapolis, MN"
DEN,"Denver, CO"
MCI,"Kansas City, MO"
MTJ,"Montrose/Delta, CO"
DEN,"Denver, CO"
ALS,"Alamosa, CO"
ABQ,"Albuquerque, NM"
DEN,"Denver, CO"
MCI,"Kansas City, MO"
MSO,"Missoula, MT"
DEN,"Denver, CO"
DEN,"Denver, CO"
BNA,"Nashville, TN"
ISN,"Williston, ND"
LNK,"Lincoln, NE"
OMA,"Omaha, NE"
COS,"Colorado Springs, CO"
BWI,"Baltimore, MD"
PHX,"Phoenix, AZ"
SAT,"San Antonio, TX"
SMF,"Sacramento, CA"
DEN,"Denver, CO"
DEN,"Denver, CO"
DEN,"Denver, CO"
DEN,"Denver, CO"
DEN,"Denver, CO"
DTW,"Detroit, MI"
DEN,"Denver, CO"
DEN,"Denver, CO"
AUS,"Austin, TX"
MEM,"Memphis, TN"
PHL,"Philadelphia, PA"
PHX,"Phoenix, AZ"
DFW,"Dallas/Fort Worth, TX"
DEN,"Denver, CO"
DEN,"Denver, CO"
DEN,"Denver, CO"
DTW,"Detroit, MI"
OKC,"Oklahoma City, OK"
DEN,"Denver, CO"
DEN,"Denver, CO"
ORD,"Chicago, IL"
LNK,"Lincoln, NE"
DEN,"Denver, CO"
DEN,"Denver, CO"
DEN,"Denver, CO"
DCA,"Washington, DC"
PIT,"Pittsburgh, PA"
RDU,"Raleigh/Durham, NC"
SAT,"San Antonio, TX"
DEN,"Denver, CO"
DEN,"Denver, CO"
DEN,"Denver, CO"
DTW,"Detroit, MI"
FLL,"Fort Lauderdale, FL"
DEN,"Denver, CO"
DEN,"Denver, CO"
DFW,"Dallas/Fort Worth, TX"
FAR,"Fargo, ND"
ORD,"Chicago, IL"
LAX,"Los Angeles, CA"
MIA,"Miami, FL"
EGE,"Eagle, CO"
DFW,"Dallas/Fort Worth, TX"
ICT,"Wichita, KS"
ASE,"Aspen, CO"
ATL,"Atlanta, GA"
GEG,"Spokane, WA"
LAX,"Los Angeles, CA"
PHX,"Phoenix, AZ"
SFO,"San Francisco, CA"
DEN,"Denver, CO"
GRR,"Grand Rapids, MI"
IND,"Indianapolis, IN"
DEN,"Denver, CO"
DEN,"Denver, CO"
DEN,"Denver, CO"
DEN,"Denver, CO"
CMH,"Columbus, OH"
PDX,"Portland, OR"
SAN,"San Diego, CA"
DEN,"Denver, CO"
DEN,"Denver, CO"
IAH,"Houston, TX"
LAX,"Los Angeles, CA"
SAN,"San Diego, CA"
DEN,"Denver, CO"
DEN,"Denver, CO"
DEN,"Denver, CO"
DEN,"Denver, CO"
DEN,"Denver, CO"
MTJ,"Montrose/Delta, CO"
PHX,"Phoenix, AZ"
MTJ,"Montrose/Delta, CO"
SEA,"Seattle, WA"
DEN,"Denver, CO"
DEN,"Denver, CO"
COD,"Cody, WY"
PHX,"Phoenix, AZ"
DEN,"Denver, CO"
COS,"Colorado Springs, CO"
ATL,"Atlanta, GA"
DEN,"Denver, CO"
EGE,"Eagle, CO"
DEN,"Denver, CO"
DEN,"Denver, CO"
IAH,"Houston, TX"
BOI,"Boise, ID"
BOI,"Boise, ID"
FAT,"Fresno, CA"
HLN,"Helena, MT"
DEN,"Denver, CO"
COS,"Colorado Springs, CO"
DEN,"Denver, CO"
HNL,"Honolulu, HI"
DEN,"Denver, CO"
DEN,"Denver, CO"
DEN,"Denver, CO"
DEN,"Denver, CO"
DEN,"Denver, CO"
DEN,"Denver, CO"
ALB,"Albany, NY"
SMF,"Sacramento, CA"
DEN,"Denver, CO"
DEN,"Denver, CO"
BNA,"Nashville, TN"
DEN,"Denver, CO"
DEN,"Denver, CO"
DEN,"Denver, CO"
DEN,"Denver, CO"
MCO,"Orlando, FL"
PHX,"Phoenix, AZ"
ATL,"Atlanta, GA"
ATL,"Atlanta, GA"
AUS,"Austin, TX"
CLE,"Cleveland, OH"
CLT,"Charlotte, NC"
DFW,"Dallas/Fort Worth, TX"
IAD,"Washington, DC"
LAS,"Las Vegas, NV"
LGA,"New York, NY"
MEM,"Memphis, TN"
MIA,"Miami, FL"
MSY,"New Orleans, LA"
OMA,"Omaha, NE"
PDX,"Portland, OR"
PHL,"Philadelphia, PA"
PHL,"Philadelphia, PA"
PIT,"Pittsburgh, PA"
SAN,"San Diego, CA"
SEA,"Seattle, WA"
SLC,"Salt Lake City, UT"
STL,"St. Louis, MO"
TPA,"Tampa, FL"
DEN,"Denver, CO"
DEN,"Denver, CO"
DEN,"Denver, CO"
COS,"Colorado Springs, CO"
DEN,"Denver, CO"
DEN,"Denver, CO"
DEN,"Denver, CO"
DEN,"Denver, CO"
DEN,"Denver, CO"
DEN,"Denver, CO"
DEN,"Denver, CO"
COS,"Colorado Springs, CO"
DEN,"Denver, CO"
DEN,"Denver, CO"
DEN,"Denver, CO"
DEN,"Denver, CO"
DEN,"Denver, CO"
DEN,"Denver, CO"
DFW,"Dallas/Fort Worth, TX"
LAX,"Los Angeles, CA"
MSP,"Minneapolis, MN"
DEN,"Denver, CO"
SEA,"Seattle, WA"
DEN,"Denver, CO"
HSV,"Huntsville, AL"
DEN,"Denver, CO"
DEN,"Denver, CO"
DEN,"Denver, CO"
BIL,"Billings, MT"
BZN,"Bozeman, MT"
SBA,"Santa Barbara, CA"
DEN,"Denver, CO"
COS,"Colorado Springs, CO"
DEN,"Denver, CO"
ICT,"Wichita, KS"
LGA,"New York, NY"
MCO,"Orlando, FL"
PHX,"Phoenix, AZ"
DEN,"Denver, CO"
DEN,"Denver, CO"
DTW,"Detroit, MI"
DEN,"Denver, CO"
SAN,"San Diego, CA"
SLC,"Salt Lake City, UT"
DEN,"Denver, CO"
DEN,"Denver, CO"
SDF,"Louisville, KY"
DEN,"Denver, CO"
SDF,"Louisville, KY"
JFK,"New York, NY"
DEN,"Denver, CO"
SLC,"Salt Lake City, UT"
DEN,"Denver, CO"
DEN,"Denver, CO"
CVG,"Cincinnati, OH"
DEN,"Denver, CO"
DEN,"Denver, CO"
SNA,"Santa Ana, CA"
AUS,"Austin, TX"
BOS,"Boston, MA"
DAL,"Dallas, TX"
DEN,"Denver, CO"
DEN,"Denver, CO"
DEN,"Denver, CO"
BHM,"Birmingham, AL"
MKE,"Milwaukee, WI"
DEN,"Denver, CO"
DEN,"Denver, CO"
FSD,"Sioux Falls, SD"
COS,"Colorado Springs, CO"
DEN,"Denver, CO"
DEN,"Denver, CO"
ATL,"Atlanta, GA"
DEN,"Denver, CO"
DEN,"Denver, CO"
DEN,"Denver, CO"
MCI,"Kansas City, MO"
DEN,"Denver, CO"
DEN,"Denver, CO"
LIT,"Little Rock, AR"
DEN,"Denver, CO"
DFW,"Dallas/Fort Worth, TX"
DEN,"Denver, CO"
MKE,"Milwaukee, WI"
ORD,"Chicago, IL"
DEN,"Denver, CO"
FLL,"Fort Lauderdale, FL"
DEN,"Denver, CO"
LNK,"Lincoln, NE"
DTW,"Detroit, MI"
RAP,"Rapid City, SD"
DEN,"Denver, CO"
DFW,"Dallas/Fort Worth, TX"
DFW,"Dallas/Fort Worth, TX"
DEN,"Denver, CO"
DEN,"Denver, CO"
DEN,"Denver, CO"
DEN,"Denver, CO"
BNA,"Nashville, TN"
PHL,"Philadelphia, PA"
DEN,"Denver, CO"
DEN,"Denver, CO"
DEN,"Denver, CO"
DEN,"Denver, CO"
DTW,"Detroit, MI"
IND,"Indianapolis, IN"
DEN,"Denver, CO"
DEN,"Denver, CO"
ABQ,"Albuquerque, NM"
ELP,"El Paso, TX"
ATL,"Atlanta, GA"
DEN,"Denver, CO"
ORD,"Chicago, IL"
MAF,"Midland/Odessa, TX"
DEN,"Denver, CO"
DEN,"Denver, CO"
CLE,"Cleveland, OH"
DEN,"Denver, CO"
SFO,"San Francisco, CA"
IAH,"Houston, TX"
DEN,"Denver, CO"
DEN,"Denver, CO"
DEN,"Denver, CO"
JFK,"New York, NY"
DEN,"Denver, CO"
DEN,"Denver, CO"
DEN,"Denver, CO"
DEN,"Denver, CO"
DFW,"Dallas/Fort Worth, TX"
GRR,"Grand Rapids, MI"
MCO,"Orlando, FL"
OMA,"Omaha, NE"
DEN,"Denver, CO"
DEN,"Denver, CO"
DEN,"Denver, CO"
CMH,"Columbus, OH"
MCO,"Orlando, FL"
TPA,"Tampa, FL"
DEN,"Denver, CO"
DEN,"Denver, CO"
DEN,"Denver, CO"
BIS,"Bismarck/Mandan, ND"
DEN,"Denver, CO"
LGA,"New York, NY"
RNO,"Reno, NV"
SEA,"Seattle, WA"
DEN,"Denver, CO"
PDX,"Portland, OR"
DEN,"Denver, CO"
BOI,"Boise, ID"
DEN,"Denver, CO"
DSM,"Des Moines, IA"
DEN,"Denver, CO"
DEN,"Denver, CO"
RIW,"Riverton/Lander, WY"
SAN,"San Diego, CA"
DEN,"Denver, CO"
DEN,"Denver, CO"
DEN,"Denver, CO"
DEN,"Denver, CO"
CID,"Cedar Rapids/Iowa City, IA"
JAC,"Jackson, WY"
LAX,"Los Angeles, CA"
DEN,"Denver, CO"
DEN,"Denver, CO"
DEN,"Denver, CO"
DEN,"Denver, CO"
DEN,"Denver, CO"
DEN,"Denver, CO"
BUR,"Burbank, CA"
OKC,"Oklahoma City, OK"
RAP,"Rapid City, SD"
SLC,"Salt Lake City, UT"
DEN,"Denver, CO"
FCA,"Kalispell, MT"
SMF,"Sacramento, CA"
DEN,"Denver, CO"
DEN,"Denver, CO"
SEA,"Seattle, WA"
SLC,"Salt Lake City, UT"
MEM,"Memphis, TN"
DEN,"Denver, CO"
DEN,"Denver, CO"
DEN,"Denver, CO"
ATL,"Atlanta, GA"
DTW,"Detroit, MI"
MCO,"Orlando, FL"
SAN,"San Diego, CA"
DEN,"Denver, CO"
MKE,"Milwaukee, WI"
SAN,"San Diego, CA"
STL,"St. Louis, MO"
DEN,"Denver, CO"
RDU,"Raleigh/Durham, NC"
ORD,"Chicago, IL"
DEN,"Denver, CO"
DSM,"Des Moines, IA"
SJC,"San Jose, CA"
DEN,"Denver, CO"
BOS,"Boston, MA"
ORD,"Chicago, IL"
DEN,"Denver, CO"
DEN,"Denver, CO"
DEN,"Denver, CO"
DEN,"Denver, CO"
DEN,"Denver, CO"
DEN,"Denver, CO"
DEN,"Denver, CO"
EWR,"Newark, NJ"
MSN,"Madison, WI"
PHL,"Philadelphia, PA"
DEN,"Denver, CO"
DEN,"Denver, CO"
LAX,"Los Angeles, CA"
DEN,"Denver, CO"
IND,"Indianapolis, IN"
FMN,"Farmington, NM"
JFK,"New York, NY"
DEN,"Denver, CO"
DEN,"Denver, CO"
TUL,"Tulsa, OK"
DEN,"Denver, CO"
EWR,"Newark, NJ"
DEN,"Denver, CO"
DTW,"Detroit, MI"
LGA,"New York, NY"
AUS,"Austin, TX"
JAC,"Jackson, WY"
DEN,"Denver, CO"
DEN,"Denver, CO"
MSO,"Missoula, MT"
RDM,"Bend/Redmond, OR"
DEN,"Denver, CO"
DEN,"Denver, CO"
DEN,"Denver, CO"
COS,"Colorado Springs, CO"
PIR,"Pierre, SD"
DRO,"Durango, CO"
DEN,"Denver, CO"
ASE,"Aspen, CO"
DEN,"Denver, CO"
DEN,"Denver, CO"
DEN,"Denver, CO"
ORD,"Chicago, IL"
DEN,"Denver, CO"
DEN,"Denver, CO"
DEN,"Denver, CO"
SLN,"Salina, KS"
DEN,"Denver, CO"
HYS,"Hays, KS"
JMS,"Jamestown, ND"
LAR,"Laramie, WY"
SGF,"Springfield, MO"
DEN,"Denver, CO"
LAS,"Las Vegas, NV"
DEN,"Denver, CO"
DEN,"Denver, CO"
DEN,"Denver, CO"
DIK,"Dickinson, ND"
DEN,"Denver, CO"
DEN,"Denver, CO"
DEN,"Denver, CO"
DEN,"Denver, CO"
AIA,"Alliance, NE"
CDR,"Chadron, NE"
MCK,"McCook, NE"
VEL,"Vernal, UT"
DEN,"Denver, CO"
DEN,"Denver, CO"
DAY,"Dayton, OH"
DEN,"Denver, CO"
DEN,"Denver, CO"
ANC,"Anchorage, AK"
COS,"Colorado Springs, CO"
DEN,"Denver, CO"
AMA,"Amarillo, TX"
LAX,"Los Angeles, CA"
SMF,"Sacramento, CA"
PDX,"Portland, OR"
DEN,"Denver, CO"
DEN,"Denver, CO"
GEG,"Spokane, WA"
MSY,"New Orleans, LA"
PHX,"Phoenix, AZ"
DEN,"Denver, CO"
CEZ,"Cortez, CO"
ATL,"Atlanta, GA"
MTJ,"Montrose/Delta, CO"
DEN,"Denver, CO"
MOT,"Minot, ND"
DEN,"Denver, CO"
RNO,"Reno, NV"
DEN,"Denver, CO"
DEN,"Denver, CO"
DEN,"Denver, CO"
DEN,"Denver, CO"
BFL,"Bakersfield, CA"
GCC,"Gillette, WY"
LIT,"Little Rock, AR"
RKS,"Rock Springs, WY"
DEN,"Denver, CO"
COS,"Colorado Springs, CO"
DEN,"Denver, CO"
COS,"Colorado Springs, CO"
DEN,"Denver, CO"
BZN,"Bozeman, MT"
LAX,"Los Angeles, CA"
DEN,"Denver, CO"
ONT,"Ontario, CA"
RDU,"Raleigh/Durham, NC"
TPA,"Tampa, FL"
DEN,"Denver, CO"
SNA,"Santa Ana, CA"
DEN,"Denver, CO"
LBB,"Lubbock, TX"
DEN,"Denver, CO"
DEN,"Denver, CO"
DEN,"Denver, CO"
CNY,"Moab, UT"
SLC,"Salt Lake City, UT"
IAH,"Houston, TX"
BOS,"Boston, MA"
TUS,"Tucson, AZ"
DEN,"Denver, CO"
ORD,"Chicago, IL"
DEN,"Denver, CO"
MSO,"Missoula, MT"
DEN,"Denver, CO"
BOS,"Boston, MA"
SLC,"Salt Lake City, UT"
DEN,"Denver, CO"
DEN,"Denver, CO"
COS,"Colorado Springs, CO"
SLC,"Salt Lake City, UT"
ASE,"Aspen, CO"
DEN,"Denver, CO"
PDX,"Portland, OR"
DEN,"Denver, CO"
STL,"St. Louis, MO"
TUL,"Tulsa, OK"
MSP,"Minneapolis, MN"
CPR,"Casper, WY"
STL,"St. Louis, MO"
MIA,"Miami, FL"
DEN,"Denver, CO"
DEN,"Denver, CO"
DEN,"Denver, CO"
DEN,"Denver, CO"
BIL,"Billings, MT"
DEN,"Denver, CO"
DEN,"Denver, CO"
IAH,"Houston, TX"
MCO,"Orlando, FL"
DEN,"Denver, CO"
DEN,"Denver, CO"
LAS,"Las Vegas, NV"
DEN,"Denver, CO"
ISN,"Williston, ND"
DEN,"Denver, CO"
PHX,"Phoenix, AZ"
DEN,"Denver, CO"
DEN,"Denver, CO"
LAX,"Los Angeles, CA"
ELP,"El Paso, TX"
PSC,"Pasco/Kennewick/Richland, WA"
SGU,"St. George, UT"
PHX,"Phoenix, AZ"
DEN,"Denver, CO"
PHX,"Phoenix, AZ"
DRO,"Durango, CO"
GJT,"Grand Junction, CO"
DEN,"Denver, CO"
LAS,"Las Vegas, NV"
CVG,"Cincinnati, OH"
LAS,"Las Vegas, NV"
LAX,"Los Angeles, CA"
SFO,"San Francisco, CA"
DEN,"Denver, CO"
DEN,"Denver, CO"
DEN,"Denver, CO"
DEN,"Denver, CO"
SAF,"Santa Fe, NM"
DEN,"Denver, CO"
PHL,"Philadelphia, PA"
DEN,"Denver, CO"
OAK,"Oakland, CA"
SEA,"Seattle, WA"
DEN,"Denver, CO"
DEN,"Denver, CO"
CPR,"Casper, WY"
TUS,"Tucson, AZ"
DEN,"Denver, CO"
DEN,"Denver, CO"
DEN,"Denver, CO"
DEN,"Denver, CO"
GJT,"Grand Junction, CO"
EWR,"Newark, NJ"
GTF,"Great Falls, MT"
DEN,"Denver, CO"
IAD,"Washington, DC"
DEN,"Denver, CO"
DEN,"Denver, CO"
DEN,"Denver, CO"
FAT,"Fresno, CA"
GJT,"Grand Junction, CO"
DEN,"Denver, CO"
SFO,"San Francisco, CA"
MSP,"Minneapolis, MN"
DEN,"Denver, CO"
EWR,"Newark, NJ"
PHX,"Phoenix, AZ"
MKE,"Milwaukee, WI"
BOS,"Boston, MA"
RAP,"Rapid City, SD"
DEN,"Denver, CO"
DEN,"Denver, CO"
DEN,"Denver, CO"
BIS,"Bismarck/Mandan, ND"
OAK,"Oakland, CA"
DEN,"Denver, CO"
DEN,"Denver, CO"
IAD,"Washington, DC"
DEN,"Denver, CO"
OKC,"Oklahoma City, OK"
PDX,"Portland, OR"
DEN,"Denver, CO"
SEA,"Seattle, WA"
DEN,"Denver, CO"
LGA,"New York, NY"
DEN,"Denver, CO"
PUB,"Pueblo, CO"
DEN,"Denver, CO"
ALS,"Alamosa, CO"
DEN,"Denver, CO"
DEN,"Denver, CO"
DEN,"Denver, CO"
DEN,"Denver, CO"
IAH,"Houston, TX"
DEN,"Denver, CO"
SEA,"Seattle, WA"
SNA,"Santa Ana, CA"
LAX,"Los Angeles, CA"
DEN,"Denver, CO"
DEN,"Denver, CO"
DEN,"Denver, CO"
DEN,"Denver, CO"
FAR,"Fargo, ND"
SFO,"San Francisco, CA"
DCA,"Washington, DC"
HOU,"Houston, TX"
ORD,"Chicago, IL"
SAT,"San Antonio, TX"
LGA,"New York, NY"
DEN,"Denver, CO"
DEN,"Denver, CO"
ABQ,"Albuquerque, NM"
BUR,"Burbank, CA"
IND,"Indianapolis, IN"
DEN,"Denver, CO"
DEN,"Denver, CO"
OMA,"Omaha, NE"
DEN,"Denver, CO"
HOU,"Houston, TX"
BWI,"Baltimore, MD"
DEN,"Denver, CO"
DEN,"Denver, CO"
EWR,"Newark, NJ"
SLC,"Salt Lake City, UT"
STL,"St. Louis, MO"
GJT,"Grand Junction, CO"
DEN,"Denver, CO"
SFO,"San Francisco, CA"
DEN,"Denver, CO"
MCO,"Orlando, FL"
DEN,"Denver, CO"
DEN,"Denver, CO"
DEN,"Denver, CO"
LAX,"Los Angeles, CA"
IDA,"Idaho Falls, ID"
BWI,"Baltimore, MD"
GJT,"Grand Junction, CO"
DFW,"Dallas/Fort Worth, TX"
DFW,"Dallas/Fort Worth, TX"
DEN,"Denver, CO"
DRO,"Durango, CO"
DEN,"Denver, CO"
DEN,"Denver, CO"
DEN,"Denver, CO"
ORD,"Chicago, IL"
DEN,"Denver, CO"
DEN,"Denver, CO"
DEN,"Denver, CO"
BNA,"Nashville, TN"
SFO,"San Francisco, CA"
ATL,"Atlanta, GA"
DEN,"Denver, CO"
DEN,"Denver, CO"
SEA,"Seattle, WA"
DEN,"Denver, CO"
SFO,"San Francisco, CA"
DEN,"Denver, CO"
DEN,"Denver, CO"
SEA,"Seattle, WA"
DEN,"Denver, CO"
AUS,"Austin, TX"
SJC,"San Jose, CA"
SLC,"Salt Lake City, UT"
DEN,"Denver, CO"
DEN,"Denver, CO"
DRO,"Durango, CO"
SMF,"Sacramento, CA"
DEN,"Denver, CO"
DEN,"Denver, CO"
DEN,"Denver, CO"
DFW,"Dallas/Fort Worth, TX"
COS,"Colorado Springs, CO"
MDW,"Chicago, IL"
DEN,"Denver, CO"
DEN,"Denver, CO"
DEN,"Denver, CO"
DEN,"Denver, CO"
MSP,"Minneapolis, MN"
SAN,"San Diego, CA"
DEN,"Denver, CO"
COS,"Colorado Springs, CO"
DEN,"Denver, CO"
DEN,"Denver, CO"
LAX,"Los Angeles, CA"
SNA,"Santa Ana, CA"
DEN,"Denver, CO"
DEN,"Denver, CO"
SLC,"Salt Lake City, UT"
MDW,"Chicago, IL"
ATL,"Atlanta, GA"
IAD,"Washington, DC"
MSP,"Minneapolis, MN"
DEN,"Denver, CO"
DEN,"Denver, CO"
DAL,"Dallas, TX"
DEN,"Denver, CO"
DEN,"Denver, CO"
IAH,"Houston, TX"
DEN,"Denver, CO"
LAX,"Los Angeles, CA"
DEN,"Denver, CO"
ASE,"Aspen, CO"
DEN,"Denver, CO"
DEN,"Denver, CO"
CLT,"Charlotte, NC"
MCI,"Kansas City, MO"
PHX,"Phoenix, AZ"
DEN,"Denver, CO"
DEN,"Denver, CO"
DEN,"Denver, CO"
DFW,"Dallas/Fort Worth, TX"
ORD,"Chicago, IL"
LAS,"Las Vegas, NV"
DEN,"Denver, CO"
