DEST_STATE_NM,DEST_AIRPORT_ID,DEST
Colorado,11292,DEN
California,14771,SFO
Colorado,11292,DEN
Colorado,10325,APA
North Dakota,11315,DIK
North Dakota,12389,ISN
Colorado,11292,DEN
Missouri,15016,STL
Colorado,11503,EGE
Colorado,11503,EGE
Colorado,11292,DEN
South Carolina,11996,GSP
California,15570,VCV
Colorado,11109,COS
California,10800,BUR
Colorado,11503,EGE
California,10800,BUR
Colorado,10372,ASE
Arizona,14107,PHX
Colorado,11292,DEN
Colorado,11109,COS
Colorado,11292,DEN
Colorado,11292,DEN
Georgia,10397,ATL
Texas,11298,DFW
Colorado,11292,DEN
Georgia,10397,ATL
Georgia,10397,ATL
Georgia,10397,ATL
Kentucky,11193,CVG
Michigan,11433,DTW
South Dakota,11775,FSD
Nevada,12889,LAS
California,14679,SAN
Utah,14869,SLC
Colorado,11292,DEN
Colorado,11292,DEN
Colorado,11292,DEN
Colorado,11292,DEN
Colorado,11292,DEN
Colorado,11292,DEN
Michigan,16091,YIP
Colorado,11109,COS
Colorado,11292,DEN
Ohio,11042,CLE
Mississippi,12448,JAN
California,12892,LAX
Florida,13303,MIA
Virginia,14524,RIC
Colorado,11292,DEN
California,14771,SFO
Colorado,11292,DEN
Colorado,11292,DEN
Colorado,11292,DEN
Colorado,11109,COS
New York,10792,BUF
Texas,11140,CRP
Florida,11481,ECP
Mississippi,11973,GPT
South Carolina,11996,GSP
Texas,12896,LBB
Arkansas,12992,LIT
Colorado,11109,COS
Colorado,11292,DEN
Texas,10423,AUS
Illinois,13930,ORD
California,14831,SJC
Colorado,10325,APA
Colorado,10325,APA
Colorado,10372,ASE
Nevada,12889,LAS
Colorado,11292,DEN
Colorado,11292,DEN
California,13796,OAK
Michigan,14275,PTK
Utah,14869,SLC
Colorado,11921,GJT
Utah,11563,ENV
Colorado,11292,DEN
Colorado,11292,DEN
California,13796,OAK
Colorado,11292,DEN
Wisconsin,13342,MKE
Colorado,11292,DEN
Arizona,10590,IFP
Arizona,10590,IFP
Colorado,11292,DEN
Colorado,11719,FNL
Colorado,13502,MTJ
Colorado,14288,PUB
Arizona,10590,IFP
Arizona,10590,IFP
Colorado,14288,PUB
California,13796,OAK
Colorado,11292,DEN
Kentucky,11193,CVG
Colorado,11292,DEN
Colorado,11109,COS
Colorado,11292,DEN
Oklahoma,13851,OKC
Colorado,11292,DEN
Colorado,11292,DEN
Colorado,11292,DEN
Nebraska,10558,BFF
Kansas,11283,DDC
Colorado,11292,DEN
Nebraska,11468,EAR
Nebraska,12899,LBF
Kansas,12902,LBL
Colorado,11292,DEN
Colorado,11292,DEN
Colorado,10325,APA
Colorado,11292,DEN
Arizona,14081,PGA
New Mexico,11711,FMN
Colorado,11292,DEN
Colorado,11292,DEN
South Dakota,10409,ATY
North Dakota,12389,ISN
Colorado,11292,DEN
Nevada,12889,LAS
Colorado,11921,GJT
Colorado,11292,DEN
Texas,11298,DFW
Kansas,12278,ICT
Massachusetts,10721,BOS
California,12892,LAX
Arkansas,12992,LIT
Colorado,11292,DEN
Colorado,11109,COS
Colorado,11292,DEN
Colorado,11292,DEN
Colorado,11109,COS
California,12892,LAX
Minnesota,13487,MSP
Minnesota,13487,MSP
Utah,14869,SLC
Colorado,11292,DEN
Colorado,11292,DEN
Colorado,11292,DEN
Oklahoma,15370,TUL
Colorado,11292,DEN
Colorado,11292,DEN
Arkansas,12992,LIT
Montana,13486,MSO
Arizona,15376,TUS
Colorado,11292,DEN
Colorado,11109,COS
New Mexico,10140,ABQ
Georgia,10397,ATL
Texas,10423,AUS
Iowa,11003,CID
Wyoming,11097,COD
Wyoming,11122,CPR
Texas,11298,DFW
Michigan,11986,GRR
Texas,12266,IAH
Wyoming,12441,JAC
Arkansas,12992,LIT
Oregon,13264,MFR
Nebraska,13871,OMA
Illinois,13930,ORD
Oregon,14489,RDM
California,14679,SAN
Kentucky,14730,SDF
California,14771,SFO
California,14771,SFO
California,14908,SNA
Idaho,15041,SUN
Colorado,11109,COS
California,12892,LAX
Colorado,11292,DEN
Colorado,11292,DEN
Colorado,11292,DEN
Colorado,11292,DEN
Colorado,11292,DEN
Colorado,11292,DEN
Colorado,11109,COS
Colorado,11292,DEN
Colorado,11292,DEN
Colorado,11921,GJT
Colorado,11292,DEN
Colorado,11292,DEN
Colorado,11109,COS
Colorado,11292,DEN
Colorado,11292,DEN
Colorado,11292,DEN
Colorado,11292,DEN
Colorado,11292,DEN
Colorado,11292,DEN
New Mexico,10140,ABQ
Montana,10620,BIL
Massachusetts,10721,BOS
Montana,10849,BZN
Kentucky,11193,CVG
Michigan,11433,DTW
Florida,11697,FLL
Virginia,12264,IAD
Texas,12266,IAH
Nevada,12889,LAS
Missouri,13198,MCI
Florida,13204,MCO
Illinois,13930,ORD
Pennsylvania,14100,PHL
California,14262,PSP
Virginia,14524,RIC
Nevada,14570,RNO
Utah,14869,SLC
Missouri,15016,STL
Missouri,15016,STL
Oklahoma,15370,TUL
Colorado,11292,DEN
Colorado,11292,DEN
Colorado,11292,DEN
Colorado,11292,DEN
Colorado,11292,DEN
Colorado,11292,DEN
Colorado,11292,DEN
Colorado,11292,DEN
Colorado,11292,DEN
Colorado,11292,DEN
Colorado,11292,DEN
Colorado,11292,DEN
Colorado,11292,DEN
Colorado,11292,DEN
Colorado,11292,DEN
Colorado,11292,DEN
Colorado,11292,DEN
Colorado,11292,DEN
Colorado,11292,DEN
New Mexico,10140,ABQ
Idaho,10713,BOI
Michigan,11433,DTW
Michigan,11986,GRR
Wisconsin,13342,MKE
Oregon,14057,PDX
Pennsylvania,14100,PHL
Nevada,14570,RNO
Florida,14635,RSW
Oklahoma,15370,TUL
Colorado,11292,DEN
Colorado,11292,DEN
Colorado,11292,DEN
Colorado,11292,DEN
Colorado,11292,DEN
Colorado,11292,DEN
Colorado,11292,DEN
Colorado,11292,DEN
Colorado,11292,DEN
Ohio,11042,CLE
Colorado,11109,COS
Iowa,11423,DSM
Kansas,12278,ICT
Nebraska,13871,OMA
Utah,14869,SLC
Colorado,11292,DEN
Colorado,11292,DEN
Colorado,11292,DEN
Colorado,11292,DEN
Ohio,11066,CMH
Michigan,11433,DTW
Texas,12266,IAH
Indiana,12339,IND
Florida,13204,MCO
Florida,13204,MCO
Montana,13486,MSO
Illinois,13930,ORD
Illinois,13930,ORD
Arizona,14107,PHX
Missouri,15016,STL
Tennessee,15412,TYS
Colorado,11292,DEN
Colorado,11292,DEN
Colorado,11292,DEN
Colorado,11292,DEN
Colorado,11292,DEN
Colorado,11292,DEN
Colorado,11292,DEN
Colorado,11292,DEN
Colorado,11292,DEN
Colorado,11292,DEN
Colorado,11292,DEN
Texas,11298,DFW
Indiana,12339,IND
Missouri,13198,MCI
Louisiana,13495,MSY
Utah,14869,SLC
Arizona,15376,TUS
Utah,14869,SLC
Colorado,11292,DEN
Colorado,11292,DEN
Colorado,11921,GJT
Colorado,11292,DEN
Michigan,11433,DTW
Colorado,11292,DEN
Oklahoma,12891,LAW
Colorado,11413,DRO
Colorado,11292,DEN
Colorado,11292,DEN
Colorado,13502,MTJ
Texas,11298,DFW
Kansas,14877,SLN
Colorado,11292,DEN
Missouri,15016,STL
Colorado,11109,COS
Colorado,11292,DEN
Colorado,12012,GUC
Washington,10559,BFI
Nevada,12889,LAS
Kentucky,14730,SDF
Colorado,11292,DEN
Colorado,11292,DEN
Oregon,14057,PDX
Colorado,11292,DEN
Colorado,11292,DEN
Minnesota,13487,MSP
Minnesota,13487,MSP
Colorado,11292,DEN
Michigan,11986,GRR
Colorado,11292,DEN
Colorado,11292,DEN
Colorado,11109,COS
Colorado,11921,GJT
Montana,12003,GTF
Oregon,14057,PDX
Texas,14683,SAT
Colorado,11109,COS
Colorado,10372,ASE
Colorado,11292,DEN
Texas,11298,DFW
Colorado,11292,DEN
Colorado,11921,GJT
Colorado,11292,DEN
Colorado,11292,DEN
Colorado,11292,DEN
Colorado,11292,DEN
Colorado,11292,DEN
Georgia,10397,ATL
Massachusetts,10721,BOS
Virginia,11278,DCA
Washington,11884,GEG
Kansas,12278,ICT
North Carolina,14492,RDU
California,14689,SBA
Florida,15304,TPA
Arizona,15376,TUS
Colorado,11292,DEN
Colorado,11292,DEN
Colorado,11292,DEN
Colorado,11292,DEN
Colorado,11292,DEN
Colorado,11292,DEN
Colorado,11292,DEN
Colorado,11292,DEN
Colorado,11292,DEN
New Mexico,10140,ABQ
Maryland,10821,BWI
South Carolina,10994,CHS
Ohio,11066,CMH
Washington,11884,GEG
Kentucky,14730,SDF
Utah,14869,SLC
Colorado,11292,DEN
Colorado,11292,DEN
Colorado,11292,DEN
Colorado,11292,DEN
Colorado,11292,DEN
Colorado,11292,DEN
Alabama,10599,BHM
Ohio,11066,CMH
Minnesota,13487,MSP
Oklahoma,15370,TUL
Colorado,11292,DEN
Wisconsin,13485,MSN
Minnesota,13487,MSP
North Carolina,14492,RDU
Texas,14683,SAT
Colorado,11292,DEN
Colorado,11292,DEN
Colorado,11292,DEN
Montana,10620,BIL
Texas,11540,ELP
Colorado,11292,DEN
Kentucky,11193,CVG
Utah,14869,SLC
Colorado,11292,DEN
Colorado,11292,DEN
Montana,10849,BZN
Minnesota,13487,MSP
Kentucky,14730,SDF
Colorado,11292,DEN
Colorado,11292,DEN
Colorado,11292,DEN
Colorado,11292,DEN
Colorado,11292,DEN
Texas,10279,AMA
Montana,10849,BZN
Kentucky,11193,CVG
Ohio,11267,DAY
Michigan,11986,GRR
Texas,12896,LBB
Colorado,13502,MTJ
California,13891,ONT
Arizona,14107,PHX
California,14262,PSP
Oregon,14489,RDM
Texas,14683,SAT
Oklahoma,15370,TUL
Colorado,11292,DEN
Colorado,11921,GJT
Colorado,11292,DEN
Colorado,11292,DEN
Colorado,11292,DEN
Colorado,11292,DEN
Colorado,11292,DEN
Colorado,11292,DEN
Colorado,11292,DEN
Colorado,11292,DEN
Georgia,10397,ATL
New Jersey,11618,EWR
Missouri,13198,MCI
California,14262,PSP
Colorado,11292,DEN
Colorado,11292,DEN
Colorado,11292,DEN
Colorado,11292,DEN
Colorado,11292,DEN
Colorado,11292,DEN
Colorado,11292,DEN
Colorado,11292,DEN
South Carolina,10994,CHS
Indiana,12339,IND
California,12954,LGB
Missouri,13198,MCI
Louisiana,13495,MSY
Louisiana,13495,MSY
Nebraska,13871,OMA
California,13891,ONT
Virginia,13931,ORF
Texas,14683,SAT
Washington,14747,SEA
California,14831,SJC
California,14893,SMF
Arizona,15376,TUS
Colorado,11292,DEN
Colorado,11292,DEN
Colorado,11292,DEN
Colorado,11292,DEN
Colorado,11292,DEN
Colorado,11292,DEN
Colorado,11292,DEN
Colorado,11292,DEN
Colorado,11292,DEN
New Mexico,10140,ABQ
Tennessee,10693,BNA
Texas,11540,ELP
Tennessee,13244,MEM
Oklahoma,13851,OKC
Arkansas,15919,XNA
Colorado,11292,DEN
Colorado,11292,DEN
Colorado,11292,DEN
Colorado,11292,DEN
Colorado,11292,DEN
Colorado,11292,DEN
Colorado,11292,DEN
Colorado,11292,DEN
Colorado,11292,DEN
Iowa,11003,CID
Indiana,12339,IND
Colorado,11292,DEN
Colorado,11292,DEN
Colorado,11292,DEN
Montana,10620,BIL
Missouri,14783,SGF
Louisiana,14814,SHV
Arizona,15376,TUS
Colorado,11292,DEN
Colorado,11292,DEN
Colorado,11292,DEN
Colorado,11109,COS
Colorado,11292,DEN
California,12892,LAX
Colorado,11921,GJT
Texas,11298,DFW
Colorado,11292,DEN
Colorado,11292,DEN
New Mexico,10140,ABQ
Texas,11298,DFW
Colorado,11292,DEN
Washington,11884,GEG
Montana,13486,MSO
Minnesota,13487,MSP
Missouri,14783,SGF
California,12892,LAX
Colorado,11292,DEN
Colorado,11413,DRO
Colorado,11292,DEN
Colorado,11292,DEN
Colorado,11292,DEN
Colorado,11292,DEN
Colorado,11292,DEN
Colorado,11292,DEN
Colorado,11292,DEN
Colorado,11292,DEN
Colorado,11292,DEN
Colorado,11292,DEN
Colorado,11292,DEN
Idaho,10713,BOI
Montana,10849,BZN
North Carolina,11057,CLT
Ohio,11066,CMH
Ohio,11066,CMH
Oregon,11603,EUG
Montana,11648,FCA
Hawaii,12982,LIH
Wisconsin,13485,MSN
Louisiana,13495,MSY
Pennsylvania,14100,PHL
Pennsylvania,14100,PHL
Nevada,14570,RNO
California,14771,SFO
Colorado,11292,DEN
Colorado,11292,DEN
Colorado,11292,DEN
Colorado,11292,DEN
Colorado,11292,DEN
Colorado,11292,DEN
Colorado,11292,DEN
Texas,10423,AUS
Virginia,13931,ORF
California,14679,SAN
Texas,14683,SAT
California,14831,SJC
Colorado,11292,DEN
Colorado,11292,DEN
Colorado,11292,DEN
Colorado,11292,DEN
Colorado,11292,DEN
Colorado,11292,DEN
Indiana,12339,IND
Texas,14683,SAT
Colorado,11292,DEN
Colorado,11292,DEN
Wisconsin,13342,MKE
California,14908,SNA
Colorado,11292,DEN
Colorado,11292,DEN
Minnesota,13487,MSP
Kansas,12278,ICT
Colorado,11292,DEN
Illinois,13930,ORD
Colorado,13502,MTJ
California,10800,BUR
Kentucky,14730,SDF
Utah,14869,SLC
Colorado,11292,DEN
Iowa,11003,CID
Indiana,12339,IND
Colorado,11292,DEN
Colorado,11292,DEN
Georgia,10397,ATL
Montana,10620,BIL
Ohio,11042,CLE
Colorado,11413,DRO
Montana,11648,FCA
Kansas,12278,ICT
Missouri,13198,MCI
Tennessee,13244,MEM
North Dakota,13433,MOT
Nebraska,13871,OMA
California,14689,SBA
Colorado,11292,DEN
Colorado,11292,DEN
Colorado,11292,DEN
Colorado,11292,DEN
Colorado,11292,DEN
Colorado,11292,DEN
Colorado,11292,DEN
Maryland,10821,BWI
Iowa,11003,CID
North Carolina,11057,CLT
Kentucky,11193,CVG
New Jersey,11618,EWR
Washington,11884,GEG
Oregon,13264,MFR
California,13891,ONT
California,14831,SJC
California,14893,SMF
Arizona,15376,TUS
Colorado,11292,DEN
Colorado,11292,DEN
Colorado,11292,DEN
Colorado,11292,DEN
Colorado,11292,DEN
Colorado,11292,DEN
Colorado,11292,DEN
Colorado,11292,DEN
Colorado,11292,DEN
Colorado,11292,DEN
California,12954,LGB
Minnesota,13487,MSP
Missouri,15016,STL
Colorado,11292,DEN
Colorado,11292,DEN
Colorado,11292,DEN
Colorado,11292,DEN
Colorado,11292,DEN
Colorado,11292,DEN
Arizona,14107,PHX
Colorado,11292,DEN
Colorado,11292,DEN
Iowa,11003,CID
Colorado,11292,DEN
Wyoming,11233,CYS
Tennessee,13244,MEM
Colorado,11292,DEN
Illinois,13930,ORD
Colorado,13502,MTJ
Colorado,11292,DEN
Colorado,11292,DEN
California,12892,LAX
North Carolina,11057,CLT
Oregon,13264,MFR
Oregon,13964,OTH
Colorado,11292,DEN
Colorado,11292,DEN
Colorado,11292,DEN
Colorado,11292,DEN
Colorado,11292,DEN
Colorado,11292,DEN
Colorado,11292,DEN
Colorado,11292,DEN
Colorado,11292,DEN
Colorado,11292,DEN
Colorado,11292,DEN
Michigan,11433,DTW
Michigan,11986,GRR
Indiana,12339,IND
Missouri,13198,MCI
Wisconsin,13342,MKE
Louisiana,13495,MSY
Colorado,11292,DEN
Colorado,11292,DEN
Colorado,11292,DEN
Colorado,11292,DEN
Colorado,11292,DEN
Colorado,11292,DEN
Florida,11697,FLL
Florida,12451,JAX
Missouri,13198,MCI
California,13796,OAK
Oklahoma,13851,OKC
Colorado,11292,DEN
Colorado,11292,DEN
Colorado,11292,DEN
Colorado,11292,DEN
Georgia,10397,ATL
Texas,11298,DFW
Nebraska,13871,OMA
Kentucky,14730,SDF
Colorado,11921,GJT
Tennessee,13244,MEM
Tennessee,13244,MEM
Colorado,11109,COS
Colorado,11292,DEN
South Dakota,11775,FSD
Nevada,12889,LAS
Colorado,11921,GJT
Tennessee,15412,TYS
Colorado,11292,DEN
Colorado,11292,DEN
Colorado,11292,DEN
Colorado,11292,DEN
Colorado,11921,GJT
Virginia,14524,RIC
Colorado,11292,DEN
Colorado,11292,DEN
Colorado,11292,DEN
Colorado,11292,DEN
Montana,10620,BIL
Idaho,10713,BOI
California,10800,BUR
Iowa,11423,DSM
Oregon,11603,EUG
Oregon,11603,EUG
Wisconsin,13342,MKE
Oklahoma,13851,OKC
Pennsylvania,14122,PIT
Utah,14869,SLC
Colorado,11292,DEN
Colorado,11292,DEN
Colorado,11292,DEN
Colorado,11292,DEN
Colorado,11292,DEN
Colorado,11292,DEN
Colorado,11292,DEN
Colorado,11292,DEN
Colorado,11292,DEN
New Jersey,11618,EWR
Florida,14193,PNS
North Carolina,14492,RDU
Colorado,11292,DEN
Colorado,11292,DEN
Colorado,11292,DEN
Colorado,12094,HDN
Colorado,11292,DEN
Kentucky,14730,SDF
Colorado,11292,DEN
Arizona,14107,PHX
Colorado,11292,DEN
Ohio,11042,CLE
Colorado,11292,DEN
Arizona,15376,TUS
Colorado,11292,DEN
Colorado,11292,DEN
Texas,10423,AUS
Connecticut,10529,BDL
Michigan,11433,DTW
Florida,11697,FLL
New York,12953,LGA
Wisconsin,13485,MSN
Minnesota,13487,MSP
Washington,14747,SEA
Oklahoma,15370,TUL
Colorado,11292,DEN
Colorado,11292,DEN
Colorado,11292,DEN
Washington,11884,GEG
Texas,12191,HOU
California,12892,LAX
Oklahoma,13851,OKC
Arizona,14107,PHX
California,14771,SFO
Colorado,11292,DEN
Colorado,11292,DEN
Colorado,11292,DEN
Colorado,11292,DEN
California,14771,SFO
Colorado,11109,COS
California,13796,OAK
Colorado,12012,GUC
Colorado,11292,DEN
Colorado,11292,DEN
Colorado,11109,COS
Arizona,10466,AZA
Nevada,12889,LAS
California,12892,LAX
Colorado,11109,COS
Colorado,11921,GJT
Colorado,11292,DEN
Missouri,10643,BKG
Iowa,11003,CID
Montana,11648,FCA
Oklahoma,13851,OKC
Oklahoma,13851,OKC
Colorado,11292,DEN
Colorado,11292,DEN
Colorado,11292,DEN
Colorado,11292,DEN
Indiana,12339,IND
Oregon,14057,PDX
Colorado,11292,DEN
Colorado,11292,DEN
Colorado,11292,DEN
Colorado,11292,DEN
Georgia,10397,ATL
Connecticut,10529,BDL
Colorado,11292,DEN
Colorado,11292,DEN
Colorado,11292,DEN
Virginia,11278,DCA
Colorado,11292,DEN
Colorado,11292,DEN
California,10800,BUR
Ohio,11066,CMH
Arizona,15376,TUS
Colorado,11292,DEN
Colorado,11292,DEN
Maryland,10821,BWI
Iowa,11423,DSM
South Dakota,11775,FSD
California,14262,PSP
Colorado,11292,DEN
Colorado,11292,DEN
Colorado,11292,DEN
Colorado,11292,DEN
Colorado,11292,DEN
Ohio,11042,CLE
Nevada,12889,LAS
Minnesota,13487,MSP
Kentucky,14730,SDF
Colorado,11292,DEN
Colorado,11292,DEN
Colorado,11292,DEN
Colorado,11109,COS
Colorado,11292,DEN
Iowa,11423,DSM
Colorado,11292,DEN
Tennessee,13244,MEM
Colorado,11292,DEN
Oklahoma,15370,TUL
Colorado,11292,DEN
Colorado,15177,TEX
Colorado,11292,DEN
Arizona,14107,PHX
Colorado,10950,CEZ
New York,12953,LGA
Colorado,11292,DEN
Colorado,11292,DEN
Oregon,11603,EUG
Virginia,12264,IAD
Louisiana,13495,MSY
Nebraska,13871,OMA
California,13891,ONT
California,14893,SMF
Colorado,11292,DEN
Virginia,12264,IAD
Colorado,11292,DEN
Colorado,11292,DEN
Colorado,11292,DEN
California,12892,LAX
Colorado,11109,COS
Michigan,11986,GRR
New York,12478,JFK
Colorado,11292,DEN
Texas,14683,SAT
Colorado,11292,DEN
Oregon,11603,EUG
Minnesota,13487,MSP
North Carolina,14492,RDU
Washington,14747,SEA
Colorado,11292,DEN
Colorado,11292,DEN
Colorado,11292,DEN
Colorado,11292,DEN
Tennessee,10693,BNA
Colorado,11921,GJT
Colorado,11292,DEN
Colorado,11292,DEN
Kentucky,11193,CVG
Colorado,11292,DEN
Utah,14869,SLC
Colorado,11292,DEN
Montana,10620,BIL
Iowa,11423,DSM
Wisconsin,13342,MKE
Nebraska,13871,OMA
California,13891,ONT
Florida,15304,TPA
Colorado,11292,DEN
Colorado,11292,DEN
Colorado,11292,DEN
Colorado,11292,DEN
Colorado,11292,DEN
Montana,10849,BZN
Iowa,11003,CID
North Carolina,11995,GSO
Washington,14747,SEA
Colorado,11292,DEN
Colorado,11292,DEN
Colorado,11292,DEN
Colorado,11292,DEN
Colorado,11292,DEN
Texas,10423,AUS
California,14679,SAN
Colorado,11292,DEN
Colorado,11292,DEN
Colorado,11292,DEN
Colorado,11292,DEN
Colorado,11292,DEN
Colorado,11292,DEN
Colorado,11292,DEN
Colorado,11292,DEN
Tennessee,10693,BNA
Washington,14747,SEA
Colorado,11292,DEN
Colorado,11109,COS
Colorado,11292,DEN
Pennsylvania,14122,PIT
Colorado,11292,DEN
Colorado,11292,DEN
Colorado,11292,DEN
Wisconsin,13485,MSN
Colorado,11292,DEN
Tennessee,13244,MEM
Montana,12003,GTF
Arkansas,15919,XNA
Colorado,11292,DEN
Washington,14747,SEA
Colorado,11109,COS
Colorado,11292,DEN
Illinois,13367,MLI
New Mexico,10140,ABQ
Colorado,11292,DEN
Colorado,11292,DEN
Colorado,11292,DEN
Colorado,11292,DEN
Colorado,11292,DEN
Colorado,11292,DEN
Tennessee,10693,BNA
Montana,13486,MSO
Tennessee,15412,TYS
Colorado,11292,DEN
Colorado,11292,DEN
California,11638,FAT
Tennessee,13244,MEM
Colorado,11292,DEN
Colorado,11292,DEN
Colorado,11921,GJT
Colorado,11292,DEN
Colorado,11292,DEN
Arizona,14107,PHX
Colorado,10950,CEZ
Minnesota,13487,MSP
Colorado,11292,DEN
Colorado,11292,DEN
Colorado,11292,DEN
Missouri,13198,MCI
California,14262,PSP
Colorado,11292,DEN
Colorado,11292,DEN
Colorado,11292,DEN
New Mexico,10140,ABQ
Ohio,11042,CLE
Indiana,12339,IND
Nevada,12889,LAS
Colorado,11292,DEN
Colorado,11292,DEN
Colorado,11292,DEN
Colorado,11292,DEN
Texas,11259,DAL
Oregon,14057,PDX
Washington,14747,SEA
Colorado,11292,DEN
Colorado,11292,DEN
Illinois,13367,MLI
Texas,11540,ELP
Oregon,11603,EUG
Arkansas,15919,XNA
Colorado,11292,DEN
Colorado,11292,DEN
Colorado,11292,DEN
Maryland,10821,BWI
Ohio,11066,CMH
Texas,12266,IAH
Pennsylvania,14122,PIT
California,14831,SJC
California,14831,SJC
Utah,14869,SLC
Missouri,15016,STL
Colorado,11292,DEN
Colorado,11292,DEN
Nevada,12889,LAS
Oklahoma,15370,TUL
Colorado,11292,DEN
Colorado,11109,COS
Colorado,11292,DEN
Colorado,11292,DEN
Montana,10620,BIL
California,13891,ONT
Colorado,11292,DEN
Colorado,11292,DEN
Kansas,12278,ICT
Kentucky,14730,SDF
Colorado,11292,DEN
Colorado,11292,DEN
Colorado,11292,DEN
Montana,10849,BZN
Oregon,13264,MFR
Louisiana,13495,MSY
Arizona,14107,PHX
Nevada,14570,RNO
Texas,14683,SAT
California,14771,SFO
Colorado,11292,DEN
Colorado,11292,DEN
Colorado,11292,DEN
Colorado,11292,DEN
Colorado,11292,DEN
Colorado,11292,DEN
New Mexico,10140,ABQ
Ohio,11042,CLE
Utah,14869,SLC
Colorado,11292,DEN
Illinois,13930,ORD
Colorado,11292,DEN
Texas,10194,AFW
Colorado,11292,DEN
Colorado,11292,DEN
Illinois,13367,MLI
Louisiana,13495,MSY
Utah,14869,SLC
Colorado,11292,DEN
Missouri,13198,MCI
Arkansas,15919,XNA
Colorado,11292,DEN
Colorado,11292,DEN
Colorado,11292,DEN
Colorado,11292,DEN
Colorado,11292,DEN
Colorado,11292,DEN
North Carolina,11057,CLT
South Dakota,11775,FSD
South Dakota,11775,FSD
Washington,11884,GEG
Missouri,13198,MCI
Oklahoma,13851,OKC
Pennsylvania,14122,PIT
California,14679,SAN
Texas,14683,SAT
Colorado,11292,DEN
Ohio,11042,CLE
Iowa,11423,DSM
Colorado,11292,DEN
Colorado,11109,COS
Colorado,11292,DEN
Kansas,12278,ICT
Colorado,11292,DEN
New Mexico,10140,ABQ
Missouri,15016,STL
Colorado,10372,ASE
Colorado,11292,DEN
Florida,11697,FLL
Minnesota,13487,MSP
California,13891,ONT
Oregon,14057,PDX
Washington,14747,SEA
California,14831,SJC
Florida,15304,TPA
Colorado,11292,DEN
Colorado,11292,DEN
Colorado,11292,DEN
Colorado,11292,DEN
Colorado,11292,DEN
Colorado,11292,DEN
Colorado,11292,DEN
Connecticut,10529,BDL
Nevada,14570,RNO
Kentucky,14730,SDF
Utah,14869,SLC
Missouri,13198,MCI
Colorado,11413,DRO
Colorado,11413,DRO
Kentucky,11193,CVG
Colorado,11292,DEN
Colorado,11292,DEN
California,14771,SFO
Colorado,11292,DEN
Colorado,11292,DEN
Colorado,11292,DEN
Colorado,11292,DEN
Connecticut,10529,BDL
Nebraska,13871,OMA
Virginia,14524,RIC
California,14689,SBA
California,14771,SFO
Colorado,11292,DEN
Colorado,11292,DEN
Colorado,11292,DEN
Colorado,11292,DEN
Colorado,11292,DEN
Colorado,11292,DEN
Colorado,11292,DEN
Colorado,11292,DEN
Colorado,11292,DEN
Ohio,11066,CMH
New York,12953,LGA
Ohio,11066,CMH
Colorado,11292,DEN
North Dakota,10627,BIS
Colorado,11413,DRO
Tennessee,13244,MEM
Colorado,11413,DRO
Wyoming,11122,CPR
Colorado,11109,COS
Nevada,14570,RNO
Colorado,12094,HDN
Nebraska,13871,OMA
South Dakota,14457,RAP
Colorado,11292,DEN
Colorado,11292,DEN
Colorado,11292,DEN
Colorado,11292,DEN
New Mexico,10140,ABQ
Texas,11298,DFW
California,11638,FAT
Arizona,14107,PHX
Colorado,11292,DEN
Colorado,11292,DEN
Colorado,11292,DEN
Colorado,11292,DEN
Colorado,10372,ASE
Colorado,11292,DEN
Idaho,10713,BOI
Wyoming,12441,JAC
Colorado,11292,DEN
Colorado,11292,DEN
Colorado,11292,DEN
Colorado,11292,DEN
Colorado,11292,DEN
Colorado,11292,DEN
Idaho,10713,BOI
South Carolina,10994,CHS
Colorado,11292,DEN
Colorado,11292,DEN
Colorado,11292,DEN
Colorado,11292,DEN
Colorado,11292,DEN
Tennessee,15412,TYS
Colorado,11292,DEN
Colorado,13502,MTJ
Texas,12266,IAH
Colorado,11292,DEN
Kentucky,11193,CVG
Missouri,14783,SGF
Colorado,11292,DEN
Colorado,11292,DEN
California,14698,SBP
Colorado,10372,ASE
Colorado,11292,DEN
Colorado,11292,DEN
Texas,10423,AUS
Texas,10423,AUS
Texas,11298,DFW
Florida,11697,FLL
Kansas,12278,ICT
Hawaii,12758,KOA
Hawaii,13830,OGG
Florida,15304,TPA
Colorado,11292,DEN
Colorado,11292,DEN
Colorado,11292,DEN
Colorado,11292,DEN
Colorado,11292,DEN
Colorado,11292,DEN
Colorado,11292,DEN
Florida,12451,JAX
Colorado,11292,DEN
Colorado,11292,DEN
Colorado,11292,DEN
Colorado,11292,DEN
Texas,13158,MAF
Colorado,11292,DEN
Colorado,11292,DEN
South Dakota,11775,FSD
Colorado,11292,DEN
Colorado,12094,HDN
Texas,12266,IAH
Colorado,10950,CEZ
Colorado,11292,DEN
Oregon,13264,MFR
Colorado,11292,DEN
Colorado,11292,DEN
Colorado,11292,DEN
Georgia,10397,ATL
Idaho,10713,BOI
North Carolina,11057,CLT
California,14771,SFO
Colorado,11292,DEN
Colorado,11292,DEN
Colorado,11292,DEN
Colorado,11292,DEN
Colorado,11292,DEN
Oklahoma,13851,OKC
Utah,14869,SLC
Missouri,15016,STL
Colorado,11109,COS
Colorado,11292,DEN
Colorado,11292,DEN
New Mexico,10140,ABQ
Colorado,11292,DEN
Colorado,11292,DEN
Texas,12266,IAH
Colorado,11292,DEN
Alabama,10599,BHM
South Dakota,11775,FSD
California,14262,PSP
Louisiana,14814,SHV
Colorado,11292,DEN
Colorado,11292,DEN
Colorado,11292,DEN
Colorado,11292,DEN
Oklahoma,15370,TUL
Colorado,11292,DEN
Colorado,11292,DEN
Colorado,11292,DEN
Pennsylvania,14100,PHL
Pennsylvania,14122,PIT
Colorado,11292,DEN
Colorado,11292,DEN
Nevada,12889,LAS
Indiana,12339,IND
Nevada,12889,LAS
Colorado,11292,DEN
Colorado,11292,DEN
New Mexico,10140,ABQ
Minnesota,13487,MSP
Colorado,11292,DEN
Missouri,13198,MCI
Colorado,13502,MTJ
Colorado,11292,DEN
Colorado,10272,ALS
New Mexico,10140,ABQ
Colorado,11292,DEN
Missouri,13198,MCI
Montana,13486,MSO
Colorado,11292,DEN
Colorado,11292,DEN
Tennessee,10693,BNA
North Dakota,12389,ISN
Nebraska,13029,LNK
Nebraska,13871,OMA
Colorado,11109,COS
Maryland,10821,BWI
Arizona,14107,PHX
Texas,14683,SAT
California,14893,SMF
Colorado,11292,DEN
Colorado,11292,DEN
Colorado,11292,DEN
Colorado,11292,DEN
Colorado,11292,DEN
Michigan,11433,DTW
Colorado,11292,DEN
Colorado,11292,DEN
Texas,10423,AUS
Tennessee,13244,MEM
Pennsylvania,14100,PHL
Arizona,14107,PHX
Texas,11298,DFW
Colorado,11292,DEN
Colorado,11292,DEN
Colorado,11292,DEN
Michigan,11433,DTW
Oklahoma,13851,OKC
Colorado,11292,DEN
Colorado,11292,DEN
Illinois,13930,ORD
Nebraska,13029,LNK
Colorado,11292,DEN
Colorado,11292,DEN
Colorado,11292,DEN
Virginia,11278,DCA
Pennsylvania,14122,PIT
North Carolina,14492,RDU
Texas,14683,SAT
Colorado,11292,DEN
Colorado,11292,DEN
Colorado,11292,DEN
Michigan,11433,DTW
Florida,11697,FLL
Colorado,11292,DEN
Colorado,11292,DEN
Texas,11298,DFW
North Dakota,11637,FAR
Illinois,13930,ORD
California,12892,LAX
Florida,13303,MIA
Colorado,11503,EGE
Texas,11298,DFW
Kansas,12278,ICT
Colorado,10372,ASE
Georgia,10397,ATL
Washington,11884,GEG
California,12892,LAX
Arizona,14107,PHX
California,14771,SFO
Colorado,11292,DEN
Michigan,11986,GRR
Indiana,12339,IND
Colorado,11292,DEN
Colorado,11292,DEN
Colorado,11292,DEN
Colorado,11292,DEN
Ohio,11066,CMH
Oregon,14057,PDX
California,14679,SAN
Colorado,11292,DEN
Colorado,11292,DEN
Texas,12266,IAH
California,12892,LAX
California,14679,SAN
Colorado,11292,DEN
Colorado,11292,DEN
Colorado,11292,DEN
Colorado,11292,DEN
Colorado,11292,DEN
Colorado,13502,MTJ
Arizona,14107,PHX
Colorado,13502,MTJ
Washington,14747,SEA
Colorado,11292,DEN
Colorado,11292,DEN
Wyoming,11097,COD
Arizona,14107,PHX
Colorado,11292,DEN
Colorado,11109,COS
Georgia,10397,ATL
Colorado,11292,DEN
Colorado,11503,EGE
Colorado,11292,DEN
Colorado,11292,DEN
Texas,12266,IAH
Idaho,10713,BOI
Idaho,10713,BOI
California,11638,FAT
Montana,12156,HLN
Colorado,11292,DEN
Colorado,11109,COS
Colorado,11292,DEN
Hawaii,12173,HNL
Colorado,11292,DEN
Colorado,11292,DEN
Colorado,11292,DEN
Colorado,11292,DEN
Colorado,11292,DEN
Colorado,11292,DEN
New York,10257,ALB
California,14893,SMF
Colorado,11292,DEN
Colorado,11292,DEN
Tennessee,10693,BNA
Colorado,11292,DEN
Colorado,11292,DEN
Colorado,11292,DEN
Colorado,11292,DEN
Florida,13204,MCO
Arizona,14107,PHX
Georgia,10397,ATL
Georgia,10397,ATL
Texas,10423,AUS
Ohio,11042,CLE
North Carolina,11057,CLT
Texas,11298,DFW
Virginia,12264,IAD
Nevada,12889,LAS
New York,12953,LGA
Tennessee,13244,MEM
Florida,13303,MIA
Louisiana,13495,MSY
Nebraska,13871,OMA
Oregon,14057,PDX
Pennsylvania,14100,PHL
Pennsylvania,14100,PHL
Pennsylvania,14122,PIT
California,14679,SAN
Washington,14747,SEA
Utah,14869,SLC
Missouri,15016,STL
Florida,15304,TPA
Colorado,11292,DEN
Colorado,11292,DEN
Colorado,11292,DEN
Colorado,11109,COS
Colorado,11292,DEN
Colorado,11292,DEN
Colorado,11292,DEN
Colorado,11292,DEN
Colorado,11292,DEN
Colorado,11292,DEN
Colorado,11292,DEN
Colorado,11109,COS
Colorado,11292,DEN
Colorado,11292,DEN
Colorado,11292,DEN
Colorado,11292,DEN
Colorado,11292,DEN
Colorado,11292,DEN
Texas,11298,DFW
California,12892,LAX
Minnesota,13487,MSP
Colorado,11292,DEN
Washington,14747,SEA
Colorado,11292,DEN
Alabama,12217,HSV
Colorado,11292,DEN
Colorado,11292,DEN
Colorado,11292,DEN
Montana,10620,BIL
Montana,10849,BZN
California,14689,SBA
Colorado,11292,DEN
Colorado,11109,COS
Colorado,11292,DEN
Kansas,12278,ICT
New York,12953,LGA
Florida,13204,MCO
Arizona,14107,PHX
Colorado,11292,DEN
Colorado,11292,DEN
Michigan,11433,DTW
Colorado,11292,DEN
California,14679,SAN
Utah,14869,SLC
Colorado,11292,DEN
Colorado,11292,DEN
Kentucky,14730,SDF
Colorado,11292,DEN
Kentucky,14730,SDF
New York,12478,JFK
Colorado,11292,DEN
Utah,14869,SLC
Colorado,11292,DEN
Colorado,11292,DEN
Kentucky,11193,CVG
Colorado,11292,DEN
Colorado,11292,DEN
California,14908,SNA
Texas,10423,AUS
Massachusetts,10721,BOS
Texas,11259,DAL
Colorado,11292,DEN
Colorado,11292,DEN
Colorado,11292,DEN
Alabama,10599,BHM
Wisconsin,13342,MKE
Colorado,11292,DEN
Colorado,11292,DEN
South Dakota,11775,FSD
Colorado,11109,COS
Colorado,11292,DEN
Colorado,11292,DEN
Georgia,10397,ATL
Colorado,11292,DEN
Colorado,11292,DEN
Colorado,11292,DEN
Missouri,13198,MCI
Colorado,11292,DEN
Colorado,11292,DEN
Arkansas,12992,LIT
Colorado,11292,DEN
Texas,11298,DFW
Colorado,11292,DEN
Wisconsin,13342,MKE
Illinois,13930,ORD
Colorado,11292,DEN
Florida,11697,FLL
Colorado,11292,DEN
Nebraska,13029,LNK
Michigan,11433,DTW
South Dakota,14457,RAP
Colorado,11292,DEN
Texas,11298,DFW
Texas,11298,DFW
Colorado,11292,DEN
Colorado,11292,DEN
Colorado,11292,DEN
Colorado,11292,DEN
Tennessee,10693,BNA
Pennsylvania,14100,PHL
Colorado,11292,DEN
Colorado,11292,DEN
Colorado,11292,DEN
Colorado,11292,DEN
Michigan,11433,DTW
Indiana,12339,IND
Colorado,11292,DEN
Colorado,11292,DEN
New Mexico,10140,ABQ
Texas,11540,ELP
Georgia,10397,ATL
Colorado,11292,DEN
Illinois,13930,ORD
Texas,13158,MAF
Colorado,11292,DEN
Colorado,11292,DEN
Ohio,11042,CLE
Colorado,11292,DEN
California,14771,SFO
Texas,12266,IAH
Colorado,11292,DEN
Colorado,11292,DEN
Colorado,11292,DEN
New York,12478,JFK
Colorado,11292,DEN
Colorado,11292,DEN
Colorado,11292,DEN
Colorado,11292,DEN
Texas,11298,DFW
Michigan,11986,GRR
Florida,13204,MCO
Nebraska,13871,OMA
Colorado,11292,DEN
Colorado,11292,DEN
Colorado,11292,DEN
Ohio,11066,CMH
Florida,13204,MCO
Florida,15304,TPA
Colorado,11292,DEN
Colorado,11292,DEN
Colorado,11292,DEN
North Dakota,10627,BIS
Colorado,11292,DEN
New York,12953,LGA
Nevada,14570,RNO
Washington,14747,SEA
Colorado,11292,DEN
Oregon,14057,PDX
Colorado,11292,DEN
Idaho,10713,BOI
Colorado,11292,DEN
Iowa,11423,DSM
Colorado,11292,DEN
Colorado,11292,DEN
Wyoming,14534,RIW
California,14679,SAN
Colorado,11292,DEN
Colorado,11292,DEN
Colorado,11292,DEN
Colorado,11292,DEN
Iowa,11003,CID
Wyoming,12441,JAC
California,12892,LAX
Colorado,11292,DEN
Colorado,11292,DEN
Colorado,11292,DEN
Colorado,11292,DEN
Colorado,11292,DEN
Colorado,11292,DEN
California,10800,BUR
Oklahoma,13851,OKC
South Dakota,14457,RAP
Utah,14869,SLC
Colorado,11292,DEN
Montana,11648,FCA
California,14893,SMF
Colorado,11292,DEN
Colorado,11292,DEN
Washington,14747,SEA
Utah,14869,SLC
Tennessee,13244,MEM
Colorado,11292,DEN
Colorado,11292,DEN
Colorado,11292,DEN
Georgia,10397,ATL
Michigan,11433,DTW
Florida,13204,MCO
California,14679,SAN
Colorado,11292,DEN
Wisconsin,13342,MKE
California,14679,SAN
Missouri,15016,STL
Colorado,11292,DEN
North Carolina,14492,RDU
Illinois,13930,ORD
Colorado,11292,DEN
Iowa,11423,DSM
California,14831,SJC
Colorado,11292,DEN
Massachusetts,10721,BOS
Illinois,13930,ORD
Colorado,11292,DEN
Colorado,11292,DEN
Colorado,11292,DEN
Colorado,11292,DEN
Colorado,11292,DEN
Colorado,11292,DEN
Colorado,11292,DEN
New Jersey,11618,EWR
Wisconsin,13485,MSN
Pennsylvania,14100,PHL
Colorado,11292,DEN
Colorado,11292,DEN
California,12892,LAX
Colorado,11292,DEN
Indiana,12339,IND
New Mexico,11711,FMN
New York,12478,JFK
Colorado,11292,DEN
Colorado,11292,DEN
Oklahoma,15370,TUL
Colorado,11292,DEN
New Jersey,11618,EWR
Colorado,11292,DEN
Michigan,11433,DTW
New York,12953,LGA
Texas,10423,AUS
Wyoming,12441,JAC
Colorado,11292,DEN
Colorado,11292,DEN
Montana,13486,MSO
Oregon,14489,RDM
Colorado,11292,DEN
Colorado,11292,DEN
Colorado,11292,DEN
Colorado,11109,COS
South Dakota,14120,PIR
Colorado,11413,DRO
Colorado,11292,DEN
Colorado,10372,ASE
Colorado,11292,DEN
Colorado,11292,DEN
Colorado,11292,DEN
Illinois,13930,ORD
Colorado,11292,DEN
Colorado,11292,DEN
Colorado,11292,DEN
Kansas,14877,SLN
Colorado,11292,DEN
Kansas,12255,HYS
North Dakota,12519,JMS
Wyoming,12888,LAR
Missouri,14783,SGF
Colorado,11292,DEN
Nevada,12889,LAS
Colorado,11292,DEN
Colorado,11292,DEN
Colorado,11292,DEN
North Dakota,11315,DIK
Colorado,11292,DEN
Colorado,11292,DEN
Colorado,11292,DEN
Colorado,11292,DEN
Nebraska,10221,AIA
Nebraska,10925,CDR
Nebraska,13200,MCK
Utah,15582,VEL
Colorado,11292,DEN
Colorado,11292,DEN
Ohio,11267,DAY
Colorado,11292,DEN
Colorado,11292,DEN
Alaska,10299,ANC
Colorado,11109,COS
Colorado,11292,DEN
Texas,10279,AMA
California,12892,LAX
California,14893,SMF
Oregon,14057,PDX
Colorado,11292,DEN
Colorado,11292,DEN
Washington,11884,GEG
Louisiana,13495,MSY
Arizona,14107,PHX
Colorado,11292,DEN
Colorado,10950,CEZ
Georgia,10397,ATL
Colorado,13502,MTJ
Colorado,11292,DEN
North Dakota,13433,MOT
Colorado,11292,DEN
Nevada,14570,RNO
Colorado,11292,DEN
Colorado,11292,DEN
Colorado,11292,DEN
Colorado,11292,DEN
California,10561,BFL
Wyoming,11865,GCC
Arkansas,12992,LIT
Wyoming,14543,RKS
Colorado,11292,DEN
Colorado,11109,COS
Colorado,11292,DEN
Colorado,11109,COS
Colorado,11292,DEN
Montana,10849,BZN
California,12892,LAX
Colorado,11292,DEN
California,13891,ONT
North Carolina,14492,RDU
Florida,15304,TPA
Colorado,11292,DEN
California,14908,SNA
Colorado,11292,DEN
Texas,12896,LBB
Colorado,11292,DEN
Colorado,11292,DEN
Colorado,11292,DEN
Utah,11092,CNY
Utah,14869,SLC
Texas,12266,IAH
Massachusetts,10721,BOS
Arizona,15376,TUS
Colorado,11292,DEN
Illinois,13930,ORD
Colorado,11292,DEN
Montana,13486,MSO
Colorado,11292,DEN
Massachusetts,10721,BOS
Utah,14869,SLC
Colorado,11292,DEN
Colorado,11292,DEN
Colorado,11109,COS
Utah,14869,SLC
Colorado,10372,ASE
Colorado,11292,DEN
Oregon,14057,PDX
Colorado,11292,DEN
Missouri,15016,STL
Oklahoma,15370,TUL
Minnesota,13487,MSP
Wyoming,11122,CPR
Missouri,15016,STL
Florida,13303,MIA
Colorado,11292,DEN
Colorado,11292,DEN
Colorado,11292,DEN
Colorado,11292,DEN
Montana,10620,BIL
Colorado,11292,DEN
Colorado,11292,DEN
Texas,12266,IAH
Florida,13204,MCO
Colorado,11292,DEN
Colorado,11292,DEN
Nevada,12889,LAS
Colorado,11292,DEN
North Dakota,12389,ISN
Colorado,11292,DEN
Arizona,14107,PHX
Colorado,11292,DEN
Colorado,11292,DEN
California,12892,LAX
Texas,11540,ELP
Washington,14252,PSC
Utah,14794,SGU
Arizona,14107,PHX
Colorado,11292,DEN
Arizona,14107,PHX
Colorado,11413,DRO
Colorado,11921,GJT
Colorado,11292,DEN
Nevada,12889,LAS
Kentucky,11193,CVG
Nevada,12889,LAS
California,12892,LAX
California,14771,SFO
Colorado,11292,DEN
Colorado,11292,DEN
Colorado,11292,DEN
Colorado,11292,DEN
New Mexico,14674,SAF
Colorado,11292,DEN
Pennsylvania,14100,PHL
Colorado,11292,DEN
California,13796,OAK
Washington,14747,SEA
Colorado,11292,DEN
Colorado,11292,DEN
Wyoming,11122,CPR
Arizona,15376,TUS
Colorado,11292,DEN
Colorado,11292,DEN
Colorado,11292,DEN
Colorado,11292,DEN
Colorado,11921,GJT
New Jersey,11618,EWR
Montana,12003,GTF
Colorado,11292,DEN
Virginia,12264,IAD
Colorado,11292,DEN
Colorado,11292,DEN
Colorado,11292,DEN
California,11638,FAT
Colorado,11921,GJT
Colorado,11292,DEN
California,14771,SFO
Minnesota,13487,MSP
Colorado,11292,DEN
New Jersey,11618,EWR
Arizona,14107,PHX
Wisconsin,13342,MKE
Massachusetts,10721,BOS
South Dakota,14457,RAP
Colorado,11292,DEN
Colorado,11292,DEN
Colorado,11292,DEN
North Dakota,10627,BIS
California,13796,OAK
Colorado,11292,DEN
Colorado,11292,DEN
Virginia,12264,IAD
Colorado,11292,DEN
Oklahoma,13851,OKC
Oregon,14057,PDX
Colorado,11292,DEN
Washington,14747,SEA
Colorado,11292,DEN
New York,12953,LGA
Colorado,11292,DEN
Colorado,14288,PUB
Colorado,11292,DEN
Colorado,10272,ALS
Colorado,11292,DEN
Colorado,11292,DEN
Colorado,11292,DEN
Colorado,11292,DEN
Texas,12266,IAH
Colorado,11292,DEN
Washington,14747,SEA
California,14908,SNA
California,12892,LAX
Colorado,11292,DEN
Colorado,11292,DEN
Colorado,11292,DEN
Colorado,11292,DEN
North Dakota,11637,FAR
California,14771,SFO
Virginia,11278,DCA
Texas,12191,HOU
Illinois,13930,ORD
Texas,14683,SAT
New York,12953,LGA
Colorado,11292,DEN
Colorado,11292,DEN
New Mexico,10140,ABQ
California,10800,BUR
Indiana,12339,IND
Colorado,11292,DEN
Colorado,11292,DEN
Nebraska,13871,OMA
Colorado,11292,DEN
Texas,12191,HOU
Maryland,10821,BWI
Colorado,11292,DEN
Colorado,11292,DEN
New Jersey,11618,EWR
Utah,14869,SLC
Missouri,15016,STL
Colorado,11921,GJT
Colorado,11292,DEN
California,14771,SFO
Colorado,11292,DEN
Florida,13204,MCO
Colorado,11292,DEN
Colorado,11292,DEN
Colorado,11292,DEN
California,12892,LAX
Idaho,12280,IDA
Maryland,10821,BWI
Colorado,11921,GJT
Texas,11298,DFW
Texas,11298,DFW
Colorado,11292,DEN
Colorado,11413,DRO
Colorado,11292,DEN
Colorado,11292,DEN
Colorado,11292,DEN
Illinois,13930,ORD
Colorado,11292,DEN
Colorado,11292,DEN
Colorado,11292,DEN
Tennessee,10693,BNA
California,14771,SFO
Georgia,10397,ATL
Colorado,11292,DEN
Colorado,11292,DEN
Washington,14747,SEA
Colorado,11292,DEN
California,14771,SFO
Colorado,11292,DEN
Colorado,11292,DEN
Washington,14747,SEA
Colorado,11292,DEN
Texas,10423,AUS
California,14831,SJC
Utah,14869,SLC
Colorado,11292,DEN
Colorado,11292,DEN
Colorado,11413,DRO
California,14893,SMF
Colorado,11292,DEN
Colorado,11292,DEN
Colorado,11292,DEN
Texas,11298,DFW
Colorado,11109,COS
Illinois,13232,MDW
Colorado,11292,DEN
Colorado,11292,DEN
Colorado,11292,DEN
Colorado,11292,DEN
Minnesota,13487,MSP
California,14679,SAN
Colorado,11292,DEN
Colorado,11109,COS
Colorado,11292,DEN
Colorado,11292,DEN
California,12892,LAX
California,14908,SNA
Colorado,11292,DEN
Colorado,11292,DEN
Utah,14869,SLC
Illinois,13232,MDW
Georgia,10397,ATL
Virginia,12264,IAD
Minnesota,13487,MSP
Colorado,11292,DEN
Colorado,11292,DEN
Texas,11259,DAL
Colorado,11292,DEN
Colorado,11292,DEN
Texas,12266,IAH
Colorado,11292,DEN
California,12892,LAX
Colorado,11292,DEN
Colorado,10372,ASE
Colorado,11292,DEN
Colorado,11292,DEN
North Carolina,11057,CLT
Missouri,13198,MCI
Arizona,14107,PHX
Colorado,11292,DEN
Colorado,11292,DEN
Colorado,11292,DEN
Texas,11298,DFW
Illinois,13930,ORD
Nevada,12889,LAS
Colorado,11292,DEN
