ORIGIN_CITY_NAME,ORIGIN
"Long Beach, CA",LGB
"Denver, CO",DEN
"San Francisco, CA",SFO
"Des Moines, IA",DSM
"Denver, CO",DEN
"Denver, CO",DEN
"Dickinson, ND",DIK
"Eagle, CO",EGE
"St. Louis, MO",STL
"CONCORD, NC",USA
"Atlanta, GA",ATL
"Denver, CO",DEN
"Colorado Springs, CO",COS
"Las Vegas, NV",LAS
"Aspen, CO",ASE
"Burbank, CA",BUR
"Eagle, CO",EGE
"Salt Lake City, UT",SLC
"Denver, CO",DEN
"Philadelphia, PA",PHL
"Atlanta, GA",ATL
"Atlanta, GA",ATL
"Atlanta, GA",ATL
"Colorado Springs, CO",COS
"Colorado Springs, CO",COS
"Casper, WY",CPR
"Denver, CO",DEN
"Denver, CO",DEN
"Denver, CO",DEN
"Denver, CO",DEN
"Denver, CO",DEN
"Denver, CO",DEN
"Denver, CO",DEN
"Denver, CO",DEN
"Denver, CO",DEN
"Detroit, MI",DTW
"Minneapolis, MN",MSP
"Oklahoma City, OK",OKC
"San Francisco, CA",SFO
"Salt Lake City, UT",SLC
"Hartford, CT",BDL
"Colorado Springs, CO",COS
"Oakland, CA",OAK
"Scottsbluff, NE",BFF
"Denver, CO",DEN
"Denver, CO",DEN
"Denver, CO",DEN
"Denver, CO",DEN
"Denver, CO",DEN
"Kansas City, MO",MKC
"Denver, CO",DEN
"Colorado Springs, CO",COS
"Cheyenne, WY",CYS
"Cheyenne, WY",CYS
"Dallas, TX",DAL
"Denver, CO",DEN
"Denver, CO",DEN
"Denver, CO",DEN
"Denver, CO",DEN
"Denver, CO",DEN
"Denver, CO",DEN
"Denver, CO",DEN
"San Jose, CA",SJC
"Colorado Springs, CO",COS
"Denver, CO",APA
"Denver, CO",APA
"Denver, CO",APA
"Austin, TX",AUS
"Columbus, OH",CMH
"Sugar Land, TX",SGR
"Denver, CO",DEN
"Phoenix, AZ",AZA
"Brownsville, TX",BRO
"Denver, CO",DEN
"Denver, CO",DEN
"Denver, CO",DEN
"Wendover, UT",ENV
"Grand Junction, CO",GJT
"Rochester, NY",ROC
"Tulsa, OK",TUL
"Denver, CO",DEN
"Chicago, IL",DPA
"Denver, CO",DEN
"Reno, NV",RNO
"Denver, CO",DEN
"Fort Collins/Loveland, CO",FNL
"Bullhead City, AZ",IFP
"Bullhead City, AZ",IFP
"Bullhead City, AZ",IFP
"Bullhead City, AZ",IFP
"Montrose/Delta, CO",MTJ
"Pueblo, CO",PUB
"Gadsden, AL",GAD
"Pueblo, CO",PUB
"Cincinnati, OH",CVG
"Denver, CO",DEN
"Colorado Springs, CO",COS
"Seattle, WA",SEA
"Scottsbluff, NE",BFF
"Denver, CO",DEN
"Denver, CO",APA
"Scottsbluff, NE",BFF
"Dodge City, KS",DDC
"Denver, CO",DEN
"Denver, CO",DEN
"Denver, CO",DEN
"Denver, CO",DEN
"Denver, CO",DEN
"Denver, CO",DEN
"Kearney, NE",EAR
"North Platte, NE",LBF
"Liberal, KS",LBL
"Liberal, KS",LBL
"Denver, CO",DEN
"Pueblo, CO",PUB
"Denver, CO",DEN
"Scottsbluff, NE",BFF
"Denver, CO",DEN
"Denver, CO",DEN
"Williston, ND",ISN
"Grand Junction, CO",GJT
"Las Vegas, NV",LAS
"Colorado Springs, CO",COS
"Colorado Springs, CO",COS
"Colorado Springs, CO",COS
"Denver, CO",DEN
"Denver, CO",DEN
"Denver, CO",DEN
"Orlando, FL",MCO
"Chicago, IL",ORD
"Raleigh/Durham, NC",RDU
"San Francisco, CA",SFO
"Salt Lake City, UT",SLC
"Denver, CO",DEN
"Denver, CO",DEN
"Denver, CO",DEN
"Denver, CO",DEN
"Detroit, MI",DTW
"Minneapolis, MN",MSP
"Minneapolis, MN",MSP
"Denver, CO",DEN
"Grand Rapids, MI",GRR
"Cody, WY",COD
"Colorado Springs, CO",COS
"Colorado Springs, CO",COS
"Colorado Springs, CO",COS
"Casper, WY",CPR
"Washington, DC",DCA
"Denver, CO",DEN
"Denver, CO",DEN
"Denver, CO",DEN
"Denver, CO",DEN
"Denver, CO",DEN
"Denver, CO",DEN
"Denver, CO",DEN
"Denver, CO",DEN
"Denver, CO",DEN
"Denver, CO",DEN
"Denver, CO",DEN
"Denver, CO",DEN
"Denver, CO",DEN
"Denver, CO",DEN
"Denver, CO",DEN
"Denver, CO",DEN
"Denver, CO",DEN
"Denver, CO",DEN
"Denver, CO",DEN
"Denver, CO",DEN
"Denver, CO",DEN
"Dallas/Fort Worth, TX",DFW
"Grand Junction, CO",GJT
"Houston, TX",IAH
"Jackson, WY",JAC
"Laramie, WY",LAR
"Los Angeles, CA",LAX
"Little Rock, AR",LIT
"Medford, OR",MFR
"Missoula, MT",MSO
"Chicago, IL",ORD
"Portland, OR",PDX
"Pasco/Kennewick/Richland, WA",PSC
"San Diego, CA",SAN
"San Antonio, TX",SAT
"St. George, UT",SGU
"Sacramento, CA",SMF
"Santa Ana, CA",SNA
"Albuquerque, NM",ABQ
"Hartford, CT",BDL
"Boston, MA",BOS
"Bozeman, MT",BZN
"Denver, CO",DEN
"Denver, CO",DEN
"Denver, CO",DEN
"Denver, CO",DEN
"Denver, CO",DEN
"Denver, CO",DEN
"Denver, CO",DEN
"Denver, CO",DEN
"Denver, CO",DEN
"Denver, CO",DEN
"Denver, CO",DEN
"Denver, CO",DEN
"Denver, CO",DEN
"Denver, CO",DEN
"Denver, CO",DEN
"Denver, CO",DEN
"Denver, CO",DEN
"Denver, CO",DEN
"Denver, CO",DEN
"Denver, CO",DEN
"Denver, CO",DEN
"Washington, DC",IAD
"Houston, TX",IAH
"Houston, TX",IAH
"Kansas City, MO",MCI
"Orlando, FL",MCO
"Palm Springs, CA",PSP
"Palm Springs, CA",PSP
"Richmond, VA",RIC
"Reno, NV",RNO
"San Antonio, TX",SAT
"Santa Barbara, CA",SBA
"San Francisco, CA",SFO
"San Francisco, CA",SFO
"Santa Ana, CA",SNA
"St. Louis, MO",STL
"St. Louis, MO",STL
"Tulsa, OK",TUL
"Charleston, SC",CHS
"Cleveland, OH",CLE
"Denver, CO",DEN
"Denver, CO",DEN
"Denver, CO",DEN
"Denver, CO",DEN
"Denver, CO",DEN
"Denver, CO",DEN
"Denver, CO",DEN
"Denver, CO",DEN
"Denver, CO",DEN
"Denver, CO",DEN
"Detroit, MI",DTW
"Grand Rapids, MI",GRR
"New Orleans, LA",MSY
"Pittsburgh, PA",PIT
"Reno, NV",RNO
"Fort Myers, FL",RSW
"Sacramento, CA",SMF
"Atlanta, GA",ATL
"Colorado Springs, CO",COS
"Denver, CO",DEN
"Denver, CO",DEN
"Denver, CO",DEN
"Denver, CO",DEN
"Denver, CO",DEN
"Denver, CO",DEN
"Wichita, KS",ICT
"Louisville, KY",SDF
"Tulsa, OK",TUL
"Cincinnati, OH",CVG
"Denver, CO",DEN
"Denver, CO",DEN
"Denver, CO",DEN
"Denver, CO",DEN
"Denver, CO",DEN
"Denver, CO",DEN
"Denver, CO",DEN
"Denver, CO",DEN
"Denver, CO",DEN
"Denver, CO",DEN
"Denver, CO",DEN
"Denver, CO",DEN
"Detroit, MI",DTW
"Washington, DC",IAD
"Houston, TX",IAH
"Indianapolis, IN",IND
"Orlando, FL",MCO
"Missoula, MT",MSO
"Chicago, IL",ORD
"Phoenix, AZ",PHX
"St. Louis, MO",STL
"Tampa, FL",TPA
"Knoxville, TN",TYS
"Denver, CO",DEN
"Denver, CO",DEN
"Denver, CO",DEN
"Denver, CO",DEN
"Denver, CO",DEN
"Denver, CO",DEN
"Grand Junction, CO",GJT
"Indianapolis, IN",IND
"Kansas City, MO",MCI
"Memphis, TN",MEM
"Oakland, CA",OAK
"Denver, CO",DEN
"Houston, TX",IAH
"Montrose/Delta, CO",MTJ
"Denver, CO",DEN
"Durango, CO",DRO
"Grand Rapids, MI",GRR
"Dallas/Fort Worth, TX",DFW
"Montrose/Delta, CO",MTJ
"Denver, CO",DEN
"Salina, KS",SLN
"Colorado Springs, CO",COS
"Denver, CO",DEN
"Houston, TX",IAH
"Houston, TX",IAH
"Denver, CO",DEN
"Denver, CO",DEN
"Denver, CO",DEN
"Salt Lake City, UT",SLC
"Salt Lake City, UT",SLC
"Denver, CO",DEN
"Los Angeles, CA",LAX
"Philadelphia, PA",PHL
"Denver, CO",DEN
"Denver, CO",DEN
"Salt Lake City, UT",SLC
"Denver, CO",DEN
"Des Moines, IA",DSM
"Colorado Springs, CO",COS
"Denver, CO",DEN
"Denver, CO",DEN
"Denver, CO",DEN
"Denver, CO",DEN
"Denver, CO",DEN
"Fresno, CA",FAT
"Grand Junction, CO",GJT
"Grand Junction, CO",GJT
"Grand Junction, CO",GJT
"Great Falls, MT",GTF
"Chicago, IL",ORD
"San Diego, CA",SAN
"Fayetteville, AR",XNA
"Atlanta, GA",ATL
"Cincinnati, OH",CVG
"Washington, DC",DCA
"Denver, CO",DEN
"Denver, CO",DEN
"Denver, CO",DEN
"Denver, CO",DEN
"Denver, CO",DEN
"Denver, CO",DEN
"Denver, CO",DEN
"Denver, CO",DEN
"Denver, CO",DEN
"Eugene, OR",EUG
"Newark, NJ",EWR
"Spokane, WA",GEG
"Grand Rapids, MI",GRR
"Wichita, KS",ICT
"Las Vegas, NV",LAS
"Tampa, FL",TPA
"Tucson, AZ",TUS
"Boise, ID",BOI
"Denver, CO",DEN
"Denver, CO",DEN
"Denver, CO",DEN
"Denver, CO",DEN
"Denver, CO",DEN
"Denver, CO",DEN
"Denver, CO",DEN
"Spokane, WA",GEG
"Portland, OR",PDX
"San Diego, CA",SAN
"Seattle, WA",SEA
"San Jose, CA",SJC
"Columbus, OH",CMH
"Denver, CO",DEN
"Denver, CO",DEN
"Denver, CO",DEN
"Denver, CO",DEN
"Oklahoma City, OK",OKC
"Denver, CO",DEN
"Denver, CO",DEN
"Denver, CO",DEN
"Denver, CO",DEN
"Madison, WI",MSN
"Raleigh/Durham, NC",RDU
"San Antonio, TX",SAT
"Denver, CO",DEN
"Denver, CO",DEN
"Cincinnati, OH",CVG
"Denver, CO",DEN
"Denver, CO",DEN
"Dallas/Fort Worth, TX",DFW
"Bozeman, MT",BZN
"Denver, CO",DEN
"Denver, CO",DEN
"Denver, CO",DEN
"Moline, IL",MLI
"Louisville, KY",SDF
"Albuquerque, NM",ABQ
"Amarillo, TX",AMA
"Bozeman, MT",BZN
"Denver, CO",DEN
"Denver, CO",DEN
"Denver, CO",DEN
"Denver, CO",DEN
"Denver, CO",DEN
"Denver, CO",DEN
"Denver, CO",DEN
"Denver, CO",DEN
"Denver, CO",DEN
"Denver, CO",DEN
"Denver, CO",DEN
"Denver, CO",DEN
"Denver, CO",DEN
"Des Moines, IA",DSM
"Los Angeles, CA",LAX
"Lubbock, TX",LBB
"Montrose/Delta, CO",MTJ
"Ontario, CA",ONT
"Phoenix, AZ",PHX
"Rapid City, SD",RAP
"Burbank, CA",BUR
"Baltimore, MD",BWI
"Charlotte, NC",CLT
"Denver, CO",DEN
"Denver, CO",DEN
"Denver, CO",DEN
"Denver, CO",DEN
"Oklahoma City, OK",OKC
"Chicago, IL",ORD
"Palm Springs, CA",PSP
"Raleigh/Durham, NC",RDU
"Albuquerque, NM",ABQ
"Albany, NY",ALB
"Atlanta, GA",ATL
"Hartford, CT",BDL
"Denver, CO",DEN
"Denver, CO",DEN
"Denver, CO",DEN
"Denver, CO",DEN
"Denver, CO",DEN
"Denver, CO",DEN
"Denver, CO",DEN
"Denver, CO",DEN
"Denver, CO",DEN
"Denver, CO",DEN
"Denver, CO",DEN
"Denver, CO",DEN
"Denver, CO",DEN
"Denver, CO",DEN
"Indianapolis, IN",IND
"Long Beach, CA",LGB
"New Orleans, LA",MSY
"Omaha, NE",OMA
"Ontario, CA",ONT
"Norfolk, VA",ORF
"Albuquerque, NM",ABQ
"Birmingham, AL",BHM
"Cleveland, OH",CLE
"Denver, CO",DEN
"Denver, CO",DEN
"Denver, CO",DEN
"Denver, CO",DEN
"Denver, CO",DEN
"Denver, CO",DEN
"Dallas/Fort Worth, TX",DFW
"Des Moines, IA",DSM
"Memphis, TN",MEM
"Minneapolis, MN",MSP
"New Orleans, LA",MSY
"Omaha, NE",OMA
"San Antonio, TX",SAT
"Fayetteville, AR",XNA
"Cedar Rapids/Iowa City, IA",CID
"Denver, CO",DEN
"Denver, CO",DEN
"Indianapolis, IN",IND
"Minneapolis, MN",MSP
"Billings, MT",BIL
"Denver, CO",DEN
"Denver, CO",DEN
"Denver, CO",DEN
"Denver, CO",DEN
"Kansas City, MO",MCI
"Shreveport, LA",SHV
"Tucson, AZ",TUS
"Chicago, IL",ORD
"Ontario, CA",ONT
"Grand Junction, CO",GJT
"Los Angeles, CA",LAX
"Denver, CO",DEN
"Dallas/Fort Worth, TX",DFW
"Albuquerque, NM",ABQ
"Denver, CO",DEN
"Denver, CO",DEN
"Dallas/Fort Worth, TX",DFW
"Denver, CO",DEN
"Denver, CO",DEN
"Denver, CO",DEN
"Denver, CO",DEN
"Durango, CO",DRO
"Spokane, WA",GEG
"Los Angeles, CA",LAX
"Kansas City, MO",MCI
"Missoula, MT",MSO
"Minneapolis, MN",MSP
"Omaha, NE",OMA
"Springfield, MO",SGF
"Atlanta, GA",ATL
"Bozeman, MT",BZN
"Cedar Rapids/Iowa City, IA",CID
"Columbus, OH",CMH
"Columbus, OH",CMH
"Cincinnati, OH",CVG
"Denver, CO",DEN
"Denver, CO",DEN
"Denver, CO",DEN
"Denver, CO",DEN
"Denver, CO",DEN
"Denver, CO",DEN
"Denver, CO",DEN
"Denver, CO",DEN
"Denver, CO",DEN
"Denver, CO",DEN
"Denver, CO",DEN
"Denver, CO",DEN
"Denver, CO",DEN
"Denver, CO",DEN
"Detroit, MI",DTW
"Kalispell, MT",FCA
"Lihue, HI",LIH
"Madison, WI",MSN
"Reno, NV",RNO
"Albuquerque, NM",ABQ
"Charleston, SC",CHS
"Denver, CO",DEN
"Denver, CO",DEN
"Denver, CO",DEN
"Denver, CO",DEN
"Denver, CO",DEN
"Milwaukee, WI",MKE
"Minneapolis, MN",MSP
"Norfolk, VA",ORF
"San Antonio, TX",SAT
"Salt Lake City, UT",SLC
"Tucson, AZ",TUS
"Denver, CO",DEN
"Denver, CO",DEN
"El Paso, TX",ELP
"Salt Lake City, UT",SLC
"Denver, CO",DEN
"Denver, CO",DEN
"Milwaukee, WI",MKE
"Santa Ana, CA",SNA
"Denver, CO",DEN
"Denver, CO",DEN
"Wichita, KS",ICT
"Montrose/Delta, CO",MTJ
"Chicago, IL",ORD
"Denver, CO",DEN
"Denver, CO",DEN
"Denver, CO",DEN
"Salt Lake City, UT",SLC
"Denver, CO",DEN
"Denver, CO",DEN
"Indianapolis, IN",IND
"Billings, MT",BIL
"Denver, CO",DEN
"Denver, CO",DEN
"Denver, CO",DEN
"Denver, CO",DEN
"Denver, CO",DEN
"Denver, CO",DEN
"Denver, CO",DEN
"Denver, CO",DEN
"Denver, CO",DEN
"Denver, CO",DEN
"Denver, CO",DEN
"Durango, CO",DRO
"Kansas City, MO",MCI
"Memphis, TN",MEM
"Palm Springs, CA",PSP
"Salt Lake City, UT",SLC
"Boise, ID",BOI
"Charlotte, NC",CLT
"Denver, CO",DEN
"Denver, CO",DEN
"Denver, CO",DEN
"Denver, CO",DEN
"Denver, CO",DEN
"Denver, CO",DEN
"Denver, CO",DEN
"Denver, CO",DEN
"Denver, CO",DEN
"Denver, CO",DEN
"Denver, CO",DEN
"Fort Lauderdale, FL",FLL
"Spokane, WA",GEG
"Kansas City, MO",MCI
"Oklahoma City, OK",OKC
"Ontario, CA",ONT
"Portland, OR",PDX
"Seattle, WA",SEA
"San Jose, CA",SJC
"Tucson, AZ",TUS
"Nashville, TN",BNA
"Denver, CO",DEN
"Denver, CO",DEN
"Denver, CO",DEN
"Houston, TX",HOU
"Long Beach, CA",LGB
"Oklahoma City, OK",OKC
"Pittsburgh, PA",PIT
"St. Louis, MO",STL
"St. Louis, MO",STL
"Denver, CO",DEN
"Phoenix, AZ",PHX
"Minneapolis, MN",MSP
"Denver, CO",DEN
"Cheyenne, WY",CYS
"Denver, CO",DEN
"Denver, CO",DEN
"Minneapolis, MN",MSP
"Montrose/Delta, CO",MTJ
"Chicago, IL",ORD
"Atlanta, GA",ATL
"Cleveland, OH",CLE
"Colorado Springs, CO",COS
"Denver, CO",DEN
"Denver, CO",DEN
"Denver, CO",DEN
"Des Moines, IA",DSM
"Kalispell, MT",FCA
"Wichita, KS",ICT
"Memphis, TN",MEM
"Minot, ND",MOT
"North Bend/Coos Bay, OR",OTH
"Bend/Redmond, OR",RDM
"Santa Barbara, CA",SBA
"Tulsa, OK",TUL
"Tucson, AZ",TUS
"Austin, TX",AUS
"Denver, CO",DEN
"Denver, CO",DEN
"Denver, CO",DEN
"Denver, CO",DEN
"Denver, CO",DEN
"Denver, CO",DEN
"Newark, NJ",EWR
"Indianapolis, IN",IND
"Indianapolis, IN",IND
"Medford, OR",MFR
"Milwaukee, WI",MKE
"Philadelphia, PA",PHL
"Denver, CO",DEN
"Denver, CO",DEN
"Denver, CO",DEN
"Denver, CO",DEN
"Denver, CO",DEN
"Jacksonville, FL",JAX
"San Francisco, CA",SFO
"Salt Lake City, UT",SLC
"Atlanta, GA",ATL
"Denver, CO",DEN
"Denver, CO",DEN
"Denver, CO",DEN
"Denver, CO",DEN
"Colorado Springs, CO",COS
"Denver, CO",DEN
"Denver, CO",DEN
"Grand Junction, CO",GJT
"Memphis, TN",MEM
"Denver, CO",DEN
"Grand Junction, CO",GJT
"Las Vegas, NV",LAS
"Denver, CO",DEN
"Knoxville, TN",TYS
"Austin, TX",AUS
"Bakersfield, CA",BFL
"Charlotte, NC",CLT
"Denver, CO",DEN
"Denver, CO",DEN
"Richmond, VA",RIC
"Billings, MT",BIL
"Boise, ID",BOI
"Burbank, CA",BUR
"Denver, CO",DEN
"Denver, CO",DEN
"Denver, CO",DEN
"Denver, CO",DEN
"Denver, CO",DEN
"Denver, CO",DEN
"Denver, CO",DEN
"Denver, CO",DEN
"Denver, CO",DEN
"Denver, CO",DEN
"Des Moines, IA",DSM
"Eugene, OR",EUG
"Kansas City, MO",MCI
"Milwaukee, WI",MKE
"Philadelphia, PA",PHL
"Pittsburgh, PA",PIT
"Tulsa, OK",TUL
"Austin, TX",AUS
"Cleveland, OH",CLE
"Denver, CO",DEN
"Denver, CO",DEN
"Denver, CO",DEN
"Pensacola, FL",PNS
"Tulsa, OK",TUL
"Cedar Rapids/Iowa City, IA",CID
"Denver, CO",DEN
"Sioux Falls, SD",FSD
"Denver, CO",DEN
"Louisville, KY",SDF
"Denver, CO",DEN
"Phoenix, AZ",PHX
"Denver, CO",DEN
"Cincinnati, OH",CVG
"Denver, CO",DEN
"Oklahoma City, OK",OKC
"Austin, TX",AUS
"Denver, CO",DEN
"Denver, CO",DEN
"Denver, CO",DEN
"Denver, CO",DEN
"Denver, CO",DEN
"Denver, CO",DEN
"Denver, CO",DEN
"Denver, CO",DEN
"Denver, CO",DEN
"Eugene, OR",EUG
"New Orleans, LA",MSY
"Salt Lake City, UT",SLC
"Denver, CO",DEN
"Denver, CO",DEN
"Denver, CO",DEN
"Denver, CO",DEN
"Denver, CO",DEN
"Denver, CO",DEN
"Las Vegas, NV",LAS
"Kansas City, MO",MCI
"Raleigh/Durham, NC",RDU
"Nashville, TN",BNA
"Colorado Springs, CO",COS
"San Francisco, CA",SFO
"Denver, CO",DEN
"Denver, CO",DEN
"Gunnison, CO",GUC
"Hayden, CO",HDN
"Phoenix, AZ",AZA
"Colorado Springs, CO",COS
"Colorado Springs, CO",COS
"Grand Junction, CO",GJT
"Las Vegas, NV",LAS
"Los Angeles, CA",LAX
"Branson, MO",BKG
"Denver, CO",DEN
"Denver, CO",DEN
"Denver, CO",DEN
"Denver, CO",DEN
"Denver, CO",DEN
"Kalispell, MT",FCA
"Grand Junction, CO",GJT
"Medford, OR",MFR
"Baltimore, MD",BWI
"Denver, CO",DEN
"Denver, CO",DEN
"Detroit, MI",DTW
"Eugene, OR",EUG
"Indianapolis, IN",IND
"Madison, WI",MSN
"Denver, CO",DEN
"Denver, CO",DEN
"Indianapolis, IN",IND
"Minneapolis, MN",MSP
"San Antonio, TX",SAT
"Denver, CO",DEN
"Louisville, KY",SDF
"Columbus, OH",CMH
"Denver, CO",DEN
"Denver, CO",DEN
"Denver, CO",DEN
"St. Louis, MO",STL
"Hartford, CT",BDL
"Denver, CO",DEN
"Denver, CO",DEN
"Denver, CO",DEN
"Denver, CO",DEN
"Des Moines, IA",DSM
"Washington, DC",IAD
"New Orleans, LA",MSY
"Ontario, CA",ONT
"Palm Springs, CA",PSP
"Denver, CO",DEN
"Denver, CO",DEN
"Denver, CO",DEN
"Denver, CO",DEN
"Oklahoma City, OK",OKC
"Louisville, KY",SDF
"San Francisco, CA",SFO
"Houston, TX",IAH
"Washington, DC",DCA
"Denver, CO",DEN
"Des Moines, IA",DSM
"Denver, CO",DEN
"Memphis, TN",MEM
"Denver, CO",DEN
"Tulsa, OK",TUL
"Denver, CO",DEN
"Telluride, CO",TEX
"Cortez, CO",CEZ
"Phoenix, AZ",PHX
"Denver, CO",DEN
"Oklahoma City, OK",OKC
"Baltimore, MD",BWI
"Denver, CO",DEN
"Denver, CO",DEN
"Denver, CO",DEN
"Denver, CO",DEN
"Denver, CO",DEN
"Denver, CO",DEN
"Sioux Falls, SD",FSD
"Denver, CO",DEN
"Los Angeles, CA",LAX
"Kansas City, MO",MCI
"Phoenix, AZ",PHX
"Colorado Springs, CO",COS
"Los Angeles, CA",LAX
"Denver, CO",DEN
"Denver, CO",DEN
"New York, NY",JFK
"Denver, CO",DEN
"San Antonio, TX",SAT
"Denver, CO",DEN
"Denver, CO",DEN
"Denver, CO",DEN
"Denver, CO",DEN
"Dallas/Fort Worth, TX",DFW
"Milwaukee, WI",MKE
"Minneapolis, MN",MSP
"Sacramento, CA",SMF
"Denver, CO",DEN
"Fresno, CA",FAT
"Springfield, MO",SGF
"Cincinnati, OH",CVG
"Denver, CO",DEN
"New York, NY",LGA
"Denver, CO",DEN
"Moline, IL",MLI
"Denver, CO",DEN
"Denver, CO",DEN
"Denver, CO",DEN
"Denver, CO",DEN
"Denver, CO",DEN
"Denver, CO",DEN
"Orlando, FL",MCO
"Raleigh/Durham, NC",RDU
"San Diego, CA",SAN
"Bozeman, MT",BZN
"Cedar Rapids/Iowa City, IA",CID
"Denver, CO",DEN
"Denver, CO",DEN
"Denver, CO",DEN
"Denver, CO",DEN
"Greensboro/High Point, NC",GSO
"Seattle, WA",SEA
"Oakland, CA",OAK
"Cedar Rapids/Iowa City, IA",CID
"Billings, MT",BIL
"Denver, CO",DEN
"Denver, CO",DEN
"Des Moines, IA",DSM
"Houston, TX",IAH
"Omaha, NE",OMA
"Ontario, CA",ONT
"San Jose, CA",SJC
"Dallas, TX",DAL
"Fort Lauderdale, FL",FLL
"Nashville, TN",BNA
"Denver, CO",DEN
"Colorado Springs, CO",COS
"Eugene, OR",EUG
"Seattle, WA",SEA
"Albuquerque, NM",ABQ
"Denver, CO",DEN
"Omaha, NE",OMA
"Pittsburgh, PA",PIT
"Des Moines, IA",DSM
"Denver, CO",DEN
"Madison, WI",MSN
"Denver, CO",DEN
"Denver, CO",DEN
"Denver, CO",DEN
"Fayetteville, AR",XNA
"Colorado Springs, CO",COS
"Seattle, WA",SEA
"Detroit, MI",DTW
"Denver, CO",DEN
"Denver, CO",DEN
"Las Vegas, NV",LAS
"New York, NY",LGA
"Seattle, WA",SEA
"Sacramento, CA",SMF
"Memphis, TN",MEM
"Nashville, TN",BNA
"Denver, CO",DEN
"Denver, CO",DEN
"Denver, CO",DEN
"Missoula, MT",MSO
"Knoxville, TN",TYS
"Grand Junction, CO",GJT
"Grand Junction, CO",GJT
"Memphis, TN",MEM
"Memphis, TN",MEM
"Memphis, TN",MEM
"Great Falls, MT",GTF
"Little Rock, AR",LIT
"Cortez, CO",CEZ
"Phoenix, AZ",PHX
"Denver, CO",DEN
"Detroit, MI",DTW
"Tulsa, OK",TUL
"Albuquerque, NM",ABQ
"Denver, CO",DEN
"Denver, CO",DEN
"El Paso, TX",ELP
"Palm Springs, CA",PSP
"Columbus, OH",CMH
"Denver, CO",DEN
"Denver, CO",DEN
"Denver, CO",DEN
"Denver, CO",DEN
"Medford, OR",MFR
"New Orleans, LA",MSY
"Pittsburgh, PA",PIT
"San Jose, CA",SJC
"Denver, CO",DEN
"Denver, CO",DEN
"Denver, CO",DEN
"Portland, OR",PDX
"Seattle, WA",SEA
"Denver, CO",DEN
"Denver, CO",DEN
"Denver, CO",DEN
"Denver, CO",DEN
"Eugene, OR",EUG
"Wichita, KS",ICT
"Albuquerque, NM",ABQ
"Denver, CO",DEN
"Denver, CO",DEN
"Denver, CO",DEN
"Denver, CO",DEN
"Denver, CO",DEN
"Denver, CO",DEN
"Denver, CO",DEN
"Denver, CO",DEN
"Salt Lake City, UT",SLC
"Tampa, FL",TPA
"Denver, CO",DEN
"Denver, CO",DEN
"Colorado Springs, CO",COS
"Denver, CO",DEN
"Des Moines, IA",DSM
"Billings, MT",BIL
"Denver, CO",DEN
"Denver, CO",DEN
"Ontario, CA",ONT
"Rockford, IL",RFD
"Denver, CO",DEN
"Denver, CO",DEN
"Rapid City, SD",RAP
"Hartford, CT",BDL
"Bozeman, MT",BZN
"Denver, CO",DEN
"Denver, CO",DEN
"Denver, CO",DEN
"Denver, CO",DEN
"Denver, CO",DEN
"Denver, CO",DEN
"Denver, CO",DEN
"Sioux Falls, SD",FSD
"Spokane, WA",GEG
"Reno, NV",RNO
"San Francisco, CA",SFO
"Tampa, FL",TPA
"Albuquerque, NM",ABQ
"Denver, CO",DEN
"Denver, CO",DEN
"Denver, CO",DEN
"Kansas City, MO",MCI
"Colorado Springs, CO",COS
"Dallas/Fort Worth, TX",AFW
"Denver, CO",DEN
"Memphis, TN",MEM
"Atlanta, GA",ATL
"Denver, CO",DEN
"Denver, CO",DEN
"Aspen, CO",ASE
"Dayton, OH",DAY
"Denver, CO",DEN
"Denver, CO",DEN
"Dallas/Fort Worth, TX",DFW
"Fresno, CA",FAT
"Phoenix, AZ",PHX
"San Antonio, TX",SAT
"Austin, TX",AUS
"Charlotte, NC",CLT
"Denver, CO",DEN
"Denver, CO",DEN
"Denver, CO",DEN
"Denver, CO",DEN
"Denver, CO",DEN
"Denver, CO",DEN
"Denver, CO",DEN
"Denver, CO",DEN
"Denver, CO",DEN
"Sioux Falls, SD",FSD
"Denver, CO",DEN
"Denver, CO",DEN
"Des Moines, IA",DSM
"Chicago, IL",ORD
"Minneapolis, MN",MSP
"Denver, CO",DEN
"Boise, ID",BOI
"Denver, CO",DEN
"Denver, CO",DEN
"Salt Lake City, UT",SLC
"Atlanta, GA",ATL
"Denver, CO",DEN
"Denver, CO",DEN
"Denver, CO",DEN
"Denver, CO",DEN
"Denver, CO",DEN
"Denver, CO",DEN
"Denver, CO",DEN
"Grand Rapids, MI",GRR
"Kansas City, MO",MCI
"Ontario, CA",ONT
"Philadelphia, PA",PHL
"Pittsburgh, PA",PIT
"St. Louis, MO",STL
"Tampa, FL",TPA
"Denver, CO",DEN
"Denver, CO",DEN
"Denver, CO",DEN
"Denver, CO",DEN
"Denver, CO",DEN
"Albuquerque, NM",ABQ
"Farmington, NM",FMN
"Denver, CO",DEN
"Hayden, CO",HDN
"Springfield, MO",SGF
"Aspen, CO",ASE
"Austin, TX",AUS
"Devils Lake, ND",DVL
"Little Rock, AR",LIT
"Lincoln, NE",LNK
"Denver, CO",DEN
"Denver, CO",DEN
"Denver, CO",DEN
"Denver, CO",DEN
"Denver, CO",DEN
"Fort Lauderdale, FL",FLL
"Minneapolis, MN",MSP
"New Orleans, LA",MSY
"Omaha, NE",OMA
"Portland, OR",PDX
"Richmond, VA",RIC
"San Antonio, TX",SAT
"Santa Barbara, CA",SBA
"Cleveland, OH",CLE
"Denver, CO",DEN
"Denver, CO",DEN
"Denver, CO",DEN
"Bismarck/Mandan, ND",BIS
"Denver, CO",DEN
"Albuquerque, NM",ABQ
"Colorado Springs, CO",COS
"Farmington, NM",FMN
"Hayden, CO",HDN
"Memphis, TN",MEM
"Denver, CO",DEN
"Denver, CO",DEN
"Denver, CO",DEN
"Denver, CO",DEN
"Albuquerque, NM",ABQ
"Atlanta, GA",ATL
"Burbank, CA",BUR
"Cincinnati, OH",CVG
"Denver, CO",DEN
"Denver, CO",DEN
"Denver, CO",DEN
"Denver, CO",DEN
"Sioux Falls, SD",FSD
"Kansas City, MO",MCI
"Medford, OR",MFR
"San Luis Obispo, CA",SBP
"San Francisco, CA",SFO
"Boise, ID",BOI
"Denver, CO",DEN
"Denver, CO",DEN
"Oklahoma City, OK",OKC
"Oklahoma City, OK",OKC
"Philadelphia, PA",PHL
"Phoenix, AZ",PHX
"San Francisco, CA",SFO
"Charleston, SC",CHS
"Denver, CO",DEN
"Denver, CO",DEN
"Detroit, MI",DTW
"Louisville, KY",SDF
"Tucson, AZ",TUS
"Columbus, OH",CMH
"Midland/Odessa, TX",MAF
"Denver, CO",DEN
"Knoxville, TN",TYS
"Houston, TX",IAH
"Montrose/Delta, CO",MTJ
"Cincinnati, OH",CVG
"Denver, CO",DEN
"Denver, CO",DEN
"Wichita, KS",ICT
"Burbank, CA",BUR
"Denver, CO",DEN
"Houston, TX",IAH
"Tulsa, OK",TUL
"Boise, ID",BOI
"Denver, CO",DEN
"Denver, CO",DEN
"Denver, CO",DEN
"Denver, CO",DEN
"Denver, CO",DEN
"Denver, CO",DEN
"Denver, CO",DEN
"Denver, CO",DEN
"Fort Lauderdale, FL",FLL
"Wichita, KS",ICT
"Jackson, WY",JAC
"Kona, HI",KOA
"Kahului, HI",OGG
"Tulsa, OK",TUL
"Boise, ID",BOI
"Denver, CO",DEN
"Jacksonville, FL",JAX
"Ontario, CA",ONT
"San Jose, CA",SJC
"Austin, TX",AUS
"Denver, CO",DEN
"Louisville, KY",SDF
"Tulsa, OK",TUL
"Denver, CO",DEN
"Sioux Falls, SD",FSD
"Casper, WY",CPR
"Colorado Springs, CO",COS
"Denver, CO",DEN
"Cincinnati, OH",CVG
"Denver, CO",DEN
"Palm Springs, CA",PSP
"Boston, MA",BOS
"Charlotte, NC",CLT
"Denver, CO",DEN
"Denver, CO",DEN
"Denver, CO",DEN
"Denver, CO",DEN
"Dallas/Fort Worth, TX",DFW
"Minneapolis, MN",MSP
"Sacramento, CA",SMF
"Dallas, TX",DAL
"Sacramento, CA",SMF
"Denver, CO",DEN
"Denver, CO",DEN
"Denver, CO",DEN
"Las Vegas, NV",LAS
"Salt Lake City, UT",SLC
"St. Louis, MO",STL
"Durango, CO",DRO
"Memphis, TN",MEM
"Oklahoma City, OK",OKC
"Aspen, CO",ASE
"Nashville, TN",BNA
"Denver, CO",DEN
"Denver, CO",DEN
"Denver, CO",DEN
"Denver, CO",DEN
"Des Moines, IA",DSM
"Williston, ND",ISN
"Omaha, NE",OMA
"Shreveport, LA",SHV
"Denver, CO",DEN
"Phoenix, AZ",PHX
"San Jose, CA",SJC
"Austin, TX",AUS
"Denver, CO",DEN
"Denver, CO",DEN
"Fort Lauderdale, FL",FLL
"Spokane, WA",GEG
"Colorado Springs, CO",COS
"Denver, CO",DEN
"Denver, CO",DEN
"Indianapolis, IN",IND
"Las Vegas, NV",LAS
"Durango, CO",DRO
"Denver, CO",DEN
"Minneapolis, MN",MSP
"Denver, CO",DEN
"Denver, CO",DEN
"Montrose/Delta, CO",MTJ
"Albuquerque, NM",ABQ
"Alamosa, CO",ALS
"Cortez, CO",CEZ
"Denver, CO",DEN
"Denver, CO",DEN
"Omaha, NE",OMA
"Nashville, TN",BNA
"Denver, CO",DEN
"Denver, CO",DEN
"Denver, CO",DEN
"Denver, CO",DEN
"Los Angeles, CA",LAX
"Denver, CO",DEN
"Denver, CO",DEN
"Denver, CO",DEN
"Denver, CO",DEN
"Phoenix, AZ",PHX
"San Antonio, TX",SAT
"Albany, NY",ALB
"Hartford, CT",BDL
"Boston, MA",BOS
"Denver, CO",DEN
"Reno, NV",RNO
"Colorado Springs, CO",COS
"Denver, CO",DEN
"Denver, CO",DEN
"Denver, CO",DEN
"Denver, CO",DEN
"Eagle, CO",EGE
"Los Angeles, CA",LAX
"Miami, FL",MIA
"Phoenix, AZ",PHX
"Denver, CO",DEN
"Denver, CO",DEN
"Missoula, MT",MSO
"Birmingham, AL",BHM
"Colorado Springs, CO",COS
"Denver, CO",DEN
"Lincoln, NE",LNK
"Austin, TX",AUS
"Washington, DC",DCA
"Denver, CO",DEN
"Denver, CO",DEN
"Denver, CO",DEN
"Denver, CO",DEN
"Portland, OR",PDX
"Raleigh/Durham, NC",RDU
"San Antonio, TX",SAT
"Denver, CO",DEN
"Denver, CO",DEN
"Fort Lauderdale, FL",FLL
"Houston, TX",IAH
"Montrose/Delta, CO",MTJ
"Denver, CO",DEN
"Colorado Springs, CO",COS
"Denver, CO",DEN
"Denver, CO",DEN
"Dallas/Fort Worth, TX",DFW
"Aspen, CO",ASE
"Denver, CO",DEN
"Dallas/Fort Worth, TX",DFW
"Denver, CO",DEN
"Denver, CO",DEN
"Denver, CO",DEN
"Denver, CO",DEN
"Denver, CO",DEN
"Los Angeles, CA",LAX
"Denver, CO",DEN
"Denver, CO",DEN
"Newark, NJ",EWR
"Grand Rapids, MI",GRR
"Birmingham, AL",BHM
"Atlanta, GA",ATL
"Denver, CO",DEN
"Denver, CO",DEN
"Denver, CO",DEN
"Washington, DC",IAD
"San Diego, CA",SAN
"Denver, CO",DEN
"Denver, CO",DEN
"Denver, CO",DEN
"Dallas/Fort Worth, TX",DFW
"Detroit, MI",DTW
"Los Angeles, CA",LAX
"Minneapolis, MN",MSP
"San Diego, CA",SAN
"Dallas/Fort Worth, TX",DFW
"Montrose/Delta, CO",MTJ
"Phoenix, AZ",PHX
"Denver, CO",DEN
"Seattle, WA",SEA
"Cody, WY",COD
"Denver, CO",DEN
"Denver, CO",DEN
"Phoenix, AZ",PHX
"Atlanta, GA",ATL
"Colorado Springs, CO",COS
"Detroit, MI",DTW
"Denver, CO",DEN
"Eagle, CO",EGE
"Bozeman, MT",BZN
"Colorado Springs, CO",COS
"Denver, CO",DEN
"Denver, CO",DEN
"Denver, CO",DEN
"Denver, CO",DEN
"Helena, MT",HLN
"Houston, TX",IAH
"Jamestown, ND",JMS
"Denver, CO",DEN
"Spokane, WA",GEG
"Honolulu, HI",HNL
"Houston, TX",IAH
"Wichita, KS",ICT
"Indianapolis, IN",IND
"Seattle, WA",SEA
"Denver, CO",DEN
"Denver, CO",DEN
"Philadelphia, PA",PHL
"Tampa, FL",TPA
"Denver, CO",DEN
"Austin, TX",AUS
"Cleveland, OH",CLE
"Charlotte, NC",CLT
"Columbus, OH",CMH
"Colorado Springs, CO",COS
"Colorado Springs, CO",COS
"Denver, CO",DEN
"Denver, CO",DEN
"Denver, CO",DEN
"Denver, CO",DEN
"Denver, CO",DEN
"Denver, CO",DEN
"Denver, CO",DEN
"Denver, CO",DEN
"Denver, CO",DEN
"Denver, CO",DEN
"Denver, CO",DEN
"Denver, CO",DEN
"Denver, CO",DEN
"Denver, CO",DEN
"Denver, CO",DEN
"Denver, CO",DEN
"Denver, CO",DEN
"Denver, CO",DEN
"Denver, CO",DEN
"Denver, CO",DEN
"Denver, CO",DEN
"Denver, CO",DEN
"Dallas/Fort Worth, TX",DFW
"Las Vegas, NV",LAS
"New York, NY",LGA
"Orlando, FL",MCO
"Memphis, TN",MEM
"Miami, FL",MIA
"New Orleans, LA",MSY
"Omaha, NE",OMA
"Portland, OR",PDX
"Philadelphia, PA",PHL
"Philadelphia, PA",PHL
"Phoenix, AZ",PHX
"Pittsburgh, PA",PIT
"San Diego, CA",SAN
"Seattle, WA",SEA
"Salt Lake City, UT",SLC
"St. Louis, MO",STL
"Tampa, FL",TPA
"Denver, CO",DEN
"Denver, CO",DEN
"Denver, CO",DEN
"Los Angeles, CA",LAX
"Denver, CO",DEN
"Seattle, WA",SEA
"Denver, CO",DEN
"Huntsville, AL",HSV
"Philadelphia, PA",PHL
"Billings, MT",BIL
"Denver, CO",DEN
"Denver, CO",DEN
"Denver, CO",DEN
"Wichita, KS",ICT
"Chicago, IL",ORD
"Santa Barbara, CA",SBA
"Denver, CO",DEN
"Denver, CO",DEN
"Denver, CO",DEN
"Denver, CO",DEN
"Phoenix, AZ",PHX
"Sacramento, CA",SMF
"Denver, CO",DEN
"Atlanta, GA",ATL
"Denver, CO",DEN
"Denver, CO",DEN
"San Diego, CA",SAN
"Salt Lake City, UT",SLC
"Denver, CO",DEN
"Louisville, KY",SDF
"Denver, CO",DEN
"Denver, CO",DEN
"New York, NY",JFK
"Denver, CO",DEN
"Salt Lake City, UT",SLC
"Austin, TX",AUS
"Denver, CO",DEN
"Boston, MA",BOS
"Cleveland, OH",CLE
"Denver, CO",DEN
"Denver, CO",DEN
"Denver, CO",DEN
"Denver, CO",DEN
"Ontario, CA",ONT
"Philadelphia, PA",PHL
"Reno, NV",RNO
"Denver, CO",DEN
"Denver, CO",DEN
"Milwaukee, WI",MKE
"Louisville, KY",SDF
"Denver, CO",DEN
"Los Angeles, CA",LAX
"Atlanta, GA",ATL
"Omaha, NE",OMA
"Denver, CO",DEN
"Milwaukee, WI",MKE
"Tucson, AZ",TUS
"Indianapolis, IN",IND
"Denver, CO",DEN
"Kansas City, MO",MCI
"Memphis, TN",MEM
"Denver, CO",DEN
"Fargo, ND",FAR
"Denver, CO",DEN
"Tucson, AZ",TUS
"Denver, CO",DEN
"Denver, CO",DEN
"Dallas/Fort Worth, TX",DFW
"Denver, CO",DEN
"Detroit, MI",DTW
"Denver, CO",DEN
"Denver, CO",DEN
"Denver, CO",DEN
"Grand Rapids, MI",GRR
"Denver, CO",DEN
"Denver, CO",DEN
"New York, NY",LGA
"Milwaukee, WI",MKE
"San Diego, CA",SAN
"Santa Ana, CA",SNA
"Denver, CO",DEN
"Denver, CO",DEN
"Detroit, MI",DTW
"Spokane, WA",GEG
"Washington, DC",IAD
"Portland, OR",PDX
"Denver, CO",DEN
"Denver, CO",DEN
"Indianapolis, IN",IND
"Albuquerque, NM",ABQ
"Denver, CO",DEN
"Denver, CO",DEN
"Denver, CO",DEN
"Dayton, OH",DAY
"Colorado Springs, CO",COS
"Denver, CO",DEN
"Sioux Falls, SD",FSD
"Fayetteville, AR",XNA
"Denver, CO",DEN
"Newark, NJ",EWR
"Denver, CO",DEN
"Colorado Springs, CO",COS
"El Paso, TX",ELP
"Louisville, KY",SDF
"Atlanta, GA",ATL
"Denver, CO",DEN
"New York, NY",JFK
"Rapid City, SD",RAP
"Midland/Odessa, TX",MAF
"Baltimore, MD",BWI
"Denver, CO",DEN
"Denver, CO",DEN
"Denver, CO",DEN
"Denver, CO",DEN
"Newark, NJ",EWR
"Chicago, IL",ORD
"Boise, ID",BOI
"Denver, CO",DEN
"Denver, CO",DEN
"Denver, CO",DEN
"Orlando, FL",MCO
"Moline, IL",MLI
"Bismarck/Mandan, ND",BIS
"Denver, CO",DEN
"San Francisco, CA",SFO
"Denver, CO",DEN
"Denver, CO",DEN
"Denver, CO",DEN
"Lincoln, NE",LNK
"Denver, CO",DEN
"Seattle, WA",SEA
"Denver, CO",DEN
"Des Moines, IA",DSM
"Denver, CO",DEN
"Los Angeles, CA",LAX
"Tucson, AZ",TUS
"Denver, CO",DEN
"Denver, CO",DEN
"Boise, ID",BOI
"Rapid City, SD",RAP
"San Diego, CA",SAN
"Cedar Rapids/Iowa City, IA",CID
"Denver, CO",DEN
"Denver, CO",DEN
"Denver, CO",DEN
"Dallas/Fort Worth, TX",DFW
"Kalispell, MT",FCA
"Las Vegas, NV",LAS
"St. Louis, MO",STL
"Riverton/Lander, WY",RIW
"Salt Lake City, UT",SLC
"Denver, CO",DEN
"Denver, CO",DEN
"Denver, CO",DEN
"Denver, CO",DEN
"Oklahoma City, OK",OKC
"Denver, CO",DEN
"Denver, CO",DEN
"Baltimore, MD",BWI
"Seattle, WA",SEA
"Denver, CO",DEN
"Denver, CO",DEN
"Denver, CO",DEN
"Jackson, WY",JAC
"Raleigh/Durham, NC",RDU
"Seattle, WA",SEA
"Denver, CO",DEN
"Denver, CO",DEN
"Denver, CO",DEN
"Denver, CO",DEN
"Minneapolis, MN",MSP
"Denver, CO",DEN
"Denver, CO",DEN
"Denver, CO",DEN
"Springfield, MO",SGF
"Denver, CO",DEN
"Denver, CO",DEN
"Chicago, IL",ORD
"Denver, CO",DEN
"Denver, CO",DEN
"San Jose, CA",SJC
"Denver, CO",DEN
"Denver, CO",DEN
"Detroit, MI",DTW
"Madison, WI",MSN
"St. Louis, MO",STL
"Farmington, NM",FMN
"New York, NY",LGA
"Missoula, MT",MSO
"Bend/Redmond, OR",RDM
"Denver, CO",DEN
"Denver, CO",DEN
"Denver, CO",DEN
"Newark, NJ",EWR
"Orlando, FL",MCO
"Denver, CO",DEN
"Los Angeles, CA",LAX
"Denver, CO",DEN
"Denver, CO",DEN
"Denver, CO",DEN
"Detroit, MI",DTW
"New York, NY",JFK
"Denver, CO",DEN
"Cleveland, OH",CLE
"Denver, CO",DEN
"Pittsburgh, PA",PIT
"Denver, CO",DEN
"Denver, CO",DEN
"Denver, CO",DEN
"Denver, CO",DEN
"Jackson, WY",JAC
"Bakersfield, CA",BFL
"Denver, CO",DEN
"Denver, CO",DEN
"Orlando, FL",MCO
"Portland, OR",PDX
"Newark, NJ",EWR
"Houston, TX",IAH
"Denver, CO",DEN
"Denver, CO",DEN
"Durango, CO",DRO
"Chicago, IL",ORD
"Anchorage, AK",ANC
"Oakland, CA",OAK
"Pierre, SD",PIR
"Aspen, CO",ASE
"Salt Lake City, UT",SLC
"Sacramento, CA",SMF
"Washington, DC",IAD
"Denver, CO",DEN
"Salina, KS",SLN
"Denver, CO",DEN
"Denver, CO",DEN
"Denver, CO",DEN
"Denver, CO",DEN
"Hays, KS",HYS
"Denver, CO",DEN
"San Diego, CA",SAN
"Nashville, TN",BNA
"Tulsa, OK",TUL
"Denver, CO",DEN
"Dickinson, ND",DIK
"Alliance, NE",AIA
"Chadron, NE",CDR
"Cortez, CO",CEZ
"Denver, CO",DEN
"Denver, CO",DEN
"Denver, CO",DEN
"Denver, CO",DEN
"McCook, NE",MCK
"Vernal, UT",VEL
"Denver, CO",DEN
"Laramie, WY",LAR
"Little Rock, AR",LIT
"Denver, CO",DEN
"Denver, CO",DEN
"Amarillo, TX",AMA
"Denver, CO",DEN
"Colorado Springs, CO",COS
"Denver, CO",DEN
"Denver, CO",DEN
"Houston, TX",IAH
"Atlanta, GA",ATL
"Denver, CO",DEN
"Denver, CO",DEN
"Denver, CO",DEN
"Phoenix, AZ",PHX
"Denver, CO",DEN
"Denver, CO",DEN
"Denver, CO",DEN
"Montrose/Delta, CO",MTJ
"Denver, CO",DEN
"Minot, ND",MOT
"Denver, CO",DEN
"Los Angeles, CA",LAX
"Reno, NV",RNO
"Raleigh/Durham, NC",RDU
"Atlanta, GA",ATL
"Denver, CO",DEN
"Denver, CO",DEN
"Denver, CO",DEN
"Denver, CO",DEN
"Gillette, WY",GCC
"Chicago, IL",ORD
"Rock Springs, WY",RKS
"Salt Lake City, UT",SLC
"Bozeman, MT",BZN
"Denver, CO",DEN
"Denver, CO",DEN
"Las Vegas, NV",LAS
"Denver, CO",DEN
"Denver, CO",DEN
"Denver, CO",DEN
"New Orleans, LA",MSY
"Denver, CO",DEN
"Santa Ana, CA",SNA
"Denver, CO",DEN
"Lubbock, TX",LBB
"Missoula, MT",MSO
"Moab, UT",CNY
"Denver, CO",DEN
"Colorado Springs, CO",COS
"Denver, CO",DEN
"Denver, CO",DEN
"Denver, CO",DEN
"Minneapolis, MN",MSP
"Denver, CO",DEN
"Casper, WY",CPR
"Denver, CO",DEN
"Boston, MA",BOS
"Denver, CO",DEN
"Denver, CO",DEN
"Salt Lake City, UT",SLC
"Kansas City, MO",MCI
"Denver, CO",DEN
"Denver, CO",DEN
"Los Angeles, CA",LAX
"Salt Lake City, UT",SLC
"Denver, CO",DEN
"Las Vegas, NV",LAS
"Denver, CO",DEN
"Denver, CO",DEN
"Denver, CO",DEN
"Denver, CO",DEN
"Denver, CO",DEN
"Denver, CO",DEN
"Philadelphia, PA",PHL
"Pasco/Kennewick/Richland, WA",PSC
"St. George, UT",SGU
"Billings, MT",BIL
"Denver, CO",DEN
"Chicago, IL",ORD
"Cincinnati, OH",CVG
"Denver, CO",DEN
"Denver, CO",DEN
"Houston, TX",IAH
"Los Angeles, CA",LAX
"Denver, CO",DEN
"Chicago, IL",ORD
"Denver, CO",DEN
"Williston, ND",ISN
"Denver, CO",DEN
"Miami, FL",MIA
"Phoenix, AZ",PHX
"Aspen, CO",ASE
"Denver, CO",DEN
"Denver, CO",DEN
"Denver, CO",DEN
"Durango, CO",DRO
"El Paso, TX",ELP
"Grand Junction, CO",GJT
"Phoenix, AZ",PHX
"Phoenix, AZ",PHX
"Boston, MA",BOS
"Denver, CO",DEN
"Denver, CO",DEN
"Denver, CO",DEN
"Denver, CO",DEN
"Denver, CO",DEN
"Las Vegas, NV",LAS
"Orlando, FL",MCO
"San Francisco, CA",SFO
"Las Vegas, NV",LAS
"Denver, CO",DEN
"Santa Fe, NM",SAF
"Denver, CO",DEN
"Columbus, OH",CMH
"Denver, CO",DEN
"Denver, CO",DEN
"St. Louis, MO",STL
"Boston, MA",BOS
"Denver, CO",DEN
"Denver, CO",DEN
"Casper, WY",CPR
"Tampa, FL",TPA
"Grand Junction, CO",GJT
"New York, NY",LGA
"Denver, CO",DEN
"Denver, CO",DEN
"Denver, CO",DEN
"Great Falls, MT",GTF
"Denver, CO",DEN
"Portland, OR",PDX
"Houston, TX",IAH
"Phoenix, AZ",PHX
"Denver, CO",DEN
"Denver, CO",DEN
"Grand Junction, CO",GJT
"Denver, CO",DEN
"Denver, CO",DEN
"San Francisco, CA",SFO
"Denver, CO",DEN
"Denver, CO",DEN
"Denver, CO",DEN
"Denver, CO",DEN
"Denver, CO",DEN
"Bismarck/Mandan, ND",BIS
"Houston, TX",HOU
"San Diego, CA",SAN
"Denver, CO",DEN
"Denver, CO",DEN
"Oklahoma City, OK",OKC
"Salt Lake City, UT",SLC
"Denver, CO",DEN
"Rapid City, SD",RAP
"Denver, CO",DEN
"Denver, CO",DEN
"San Antonio, TX",SAT
"Denver, CO",DEN
"Fargo, ND",FAR
"Denver, CO",DEN
"Alamosa, CO",ALS
"Denver, CO",DEN
"Pueblo, CO",PUB
"Denver, CO",DEN
"Portland, OR",PDX
"Milwaukee, WI",MKE
"Albuquerque, NM",ABQ
"Seattle, WA",SEA
"Denver, CO",DEN
"Santa Ana, CA",SNA
"Denver, CO",DEN
"Denver, CO",DEN
"Denver, CO",DEN
"Washington, DC",DCA
"New York, NY",LGA
"San Francisco, CA",SFO
"Chicago, IL",ORD
"Denver, CO",DEN
"Denver, CO",DEN
"Denver, CO",DEN
"Denver, CO",DEN
"Denver, CO",DEN
"Denver, CO",DEN
"Denver, CO",DEN
"Los Angeles, CA",LAX
"Washington, DC",IAD
"Denver, CO",DEN
"Denver, CO",DEN
"Denver, CO",DEN
"Burbank, CA",BUR
"New York, NY",LGA
"Denver, CO",DEN
"Omaha, NE",OMA
"Denver, CO",DEN
"Denver, CO",DEN
"Atlanta, GA",ATL
"Salt Lake City, UT",SLC
"Denver, CO",DEN
"Grand Junction, CO",GJT
"Denver, CO",DEN
"Salt Lake City, UT",SLC
"Orlando, FL",MCO
"Denver, CO",DEN
"San Francisco, CA",SFO
"Denver, CO",DEN
"Nashville, TN",BNA
"Idaho Falls, ID",IDA
"San Jose, CA",SJC
"Denver, CO",DEN
"Denver, CO",DEN
"Denver, CO",DEN
"Dallas/Fort Worth, TX",DFW
"Durango, CO",DRO
"Grand Junction, CO",GJT
"Los Angeles, CA",LAX
"Dallas/Fort Worth, TX",DFW
"Oakland, CA",OAK
"Colorado Springs, CO",COS
"Seattle, WA",SEA
"Denver, CO",DEN
"Chicago, IL",ORD
"Seattle, WA",SEA
"Houston, TX",HOU
"Denver, CO",DEN
"Denver, CO",DEN
"Denver, CO",DEN
"Seattle, WA",SEA
"Newark, NJ",EWR
"Denver, CO",DEN
"Fresno, CA",FAT
"Denver, CO",DEN
"St. Louis, MO",STL
"Indianapolis, IN",IND
"Denver, CO",DEN
"San Diego, CA",SAN
"Denver, CO",DEN
"Denver, CO",DEN
"Denver, CO",DEN
"Austin, TX",AUS
"Durango, CO",DRO
"Denver, CO",DEN
"Denver, CO",DEN
"Chicago, IL",MDW
"San Francisco, CA",SFO
"Sacramento, CA",SMF
"Colorado Springs, CO",COS
"Dallas/Fort Worth, TX",DFW
"Denver, CO",DEN
"San Francisco, CA",SFO
"Baltimore, MD",BWI
"Colorado Springs, CO",COS
"Houston, TX",IAH
"Denver, CO",DEN
"Denver, CO",DEN
"Minneapolis, MN",MSP
"Denver, CO",DEN
"Washington, DC",IAD
"Los Angeles, CA",LAX
"Denver, CO",DEN
"Denver, CO",DEN
"Santa Ana, CA",SNA
"Atlanta, GA",ATL
"Denver, CO",DEN
"Denver, CO",DEN
"Denver, CO",DEN
"Denver, CO",DEN
"Denver, CO",DEN
"Minneapolis, MN",MSP
"Chicago, IL",MDW
"Denver, CO",DEN
"Salt Lake City, UT",SLC
"Dallas, TX",DAL
"Denver, CO",DEN
"Los Angeles, CA",LAX
"Denver, CO",DEN
"Aspen, CO",ASE
"Denver, CO",DEN
"Kansas City, MO",MCI
"Charlotte, NC",CLT
"Denver, CO",DEN
"Denver, CO",DEN
"Denver, CO",DEN
"Phoenix, AZ",PHX
"Las Vegas, NV",LAS
"Chicago, IL",ORD
"Denver, CO",DEN
"Denver, CO",DEN
"Denver, CO",DEN
"Dallas/Fort Worth, TX",DFW
